record_id,fault_family,speed_rpm,torque_setting_code,terminal_a,terminal_b,fault_span_percent,topology_id,topology_bucket,outer_fold,threshold,pre_score,pre_session_false_alarm,fault_score,fault_record_detection,fault_full_support,first_alarm_window,command_to_alarm_s
fault_turns_d01_d04_r026_s1200_t52,turns,1200,52,D01,D04,12.04,turns__D01__D04,0,0,31.79890655920819,39.09230716446505,True,330.20403455441976,True,True,0.0,0.2
fault_turns_d01_d04_r026_s1200_t64,turns,1200,64,D01,D04,12.04,turns__D01__D04,0,0,31.79890655920819,51.99184811086799,True,290.9514885466866,True,True,0.0,0.2
fault_turns_d01_d04_r026_s1200_t80,turns,1200,80,D01,D04,12.04,turns__D01__D04,0,0,31.79890655920819,9.132515282717158,False,150.2920483831822,True,True,0.0,0.2
fault_turns_d01_d04_r026_s1500_t52,turns,1500,52,D01,D04,12.04,turns__D01__D04,0,0,31.79890655920819,14.812793663367177,False,603.5855474248582,True,True,0.0,0.2
fault_turns_d01_d04_r026_s1500_t64,turns,1500,64,D01,D04,12.04,turns__D01__D04,0,0,31.79890655920819,13.27433127552128,False,499.55756292148993,True,True,0.0,0.2
fault_turns_d01_d04_r026_s1500_t80,turns,1500,80,D01,D04,12.04,turns__D01__D04,0,0,31.79890655920819,9.635672273687513,False,190.37260234192917,True,True,0.0,0.2
fault_turns_d01_d04_r026_s1800_t52,turns,1800,52,D01,D04,12.04,turns__D01__D04,0,0,31.79890655920819,40.97672623346051,True,469.44458119739636,True,True,0.0,0.2
fault_turns_d01_d04_r026_s1800_t64,turns,1800,64,D01,D04,12.04,turns__D01__D04,0,0,31.79890655920819,32.67902526910279,True,321.35590030618084,True,True,0.0,0.2
fault_turns_d01_d04_r026_s1800_t80,turns,1800,80,D01,D04,12.04,turns__D01__D04,0,0,31.79890655920819,8.84117758020913,False,234.516215734213,True,True,0.0,0.2
fault_turns_d06_d07_r026_s1200_t52,turns,1200,52,D06,D07,7.399999999999999,turns__D06__D07,0,0,31.79890655920819,6.71338614404653,False,34.206891847262966,True,True,1.0,0.4
fault_turns_d06_d07_r026_s1200_t64,turns,1200,64,D06,D07,7.399999999999999,turns__D06__D07,0,0,31.79890655920819,10.06913028142445,False,31.52670378832721,False,True,,
fault_turns_d06_d07_r026_s1200_t80,turns,1200,80,D06,D07,7.399999999999999,turns__D06__D07,0,0,31.79890655920819,9.889732752908603,False,28.68534152631567,False,True,,
fault_turns_d06_d07_r026_s1500_t52,turns,1500,52,D06,D07,7.399999999999999,turns__D06__D07,0,0,31.79890655920819,6.873253712745829,False,69.27237469364842,True,True,1.0,0.4
fault_turns_d06_d07_r026_s1500_t64,turns,1500,64,D06,D07,7.399999999999999,turns__D06__D07,0,0,31.79890655920819,8.298219134718241,False,56.51128082612205,True,True,1.0,0.4
fault_turns_d06_d07_r026_s1500_t80,turns,1500,80,D06,D07,7.399999999999999,turns__D06__D07,0,0,31.79890655920819,13.99039720014657,False,35.98048806232928,True,True,0.0,0.2
fault_turns_d06_d07_r026_s1800_t52,turns,1800,52,D06,D07,7.399999999999999,turns__D06__D07,0,0,31.79890655920819,51.849103295398216,True,133.55652341079673,True,True,0.0,0.2
fault_turns_d06_d07_r026_s1800_t64,turns,1800,64,D06,D07,7.399999999999999,turns__D06__D07,0,0,31.79890655920819,38.47590422232385,True,64.62038055076846,True,True,0.0,0.2
fault_turns_d06_d07_r026_s1800_t80,turns,1800,80,D06,D07,7.399999999999999,turns__D06__D07,0,0,31.79890655920819,23.80306715334533,False,56.90402519259814,True,True,1.0,0.4
fault_turns_d13_d16_r026_s1200_t52,turns,1200,52,D13,D16,11.6,turns__D13__D16,0,0,31.79890655920819,4.971759275112147,False,63.0247324941234,True,True,0.0,0.2
fault_turns_d13_d16_r026_s1200_t64,turns,1200,64,D13,D16,11.6,turns__D13__D16,0,0,31.79890655920819,8.144897275518364,False,30.44088431509713,False,True,,
fault_turns_d13_d16_r026_s1200_t80,turns,1200,80,D13,D16,11.6,turns__D13__D16,0,0,31.79890655920819,7.933595761073732,False,68.38388011093619,True,True,0.0,0.2
fault_turns_d13_d16_r026_s1500_t52,turns,1500,52,D13,D16,11.6,turns__D13__D16,0,0,31.79890655920819,13.958363900931474,False,180.7228806283739,True,True,0.0,0.2
fault_turns_d13_d16_r026_s1500_t64,turns,1500,64,D13,D16,11.6,turns__D13__D16,0,0,31.79890655920819,9.064625516414939,False,102.47325144741114,True,True,0.0,0.2
fault_turns_d13_d16_r026_s1500_t80,turns,1500,80,D13,D16,11.6,turns__D13__D16,0,0,31.79890655920819,6.2323877204322,False,69.66400893911377,True,True,0.0,0.2
fault_turns_d13_d16_r026_s1800_t52,turns,1800,52,D13,D16,11.6,turns__D13__D16,0,0,31.79890655920819,12.796345073611565,False,288.65968766383537,True,True,0.0,0.2
fault_turns_d13_d16_r026_s1800_t64,turns,1800,64,D13,D16,11.6,turns__D13__D16,0,0,31.79890655920819,16.125005180230573,False,208.5822902059263,True,True,0.0,0.2
fault_turns_d13_d16_r026_s1800_t80,turns,1800,80,D13,D16,11.6,turns__D13__D16,0,0,31.79890655920819,17.755051164999923,False,143.59831713798013,True,True,0.0,0.2
fault_turns_d18_d19_r026_s1200_t52,turns,1200,52,D18,D19,7.400000000000006,turns__D18__D19,0,0,31.79890655920819,12.91992327641385,False,31.571750438935133,False,True,,
fault_turns_d18_d19_r026_s1200_t64,turns,1200,64,D18,D19,7.400000000000006,turns__D18__D19,0,0,31.79890655920819,9.187122446849635,False,15.932589021280062,False,True,,
fault_turns_d18_d19_r026_s1200_t80,turns,1200,80,D18,D19,7.400000000000006,turns__D18__D19,0,0,31.79890655920819,8.935350083770533,False,27.44792512920537,False,True,,
fault_turns_d18_d19_r026_s1500_t52,turns,1500,52,D18,D19,7.400000000000006,turns__D18__D19,0,0,31.79890655920819,36.49672029870039,True,40.256745918521474,True,True,0.0,0.2
fault_turns_d18_d19_r026_s1500_t64,turns,1500,64,D18,D19,7.400000000000006,turns__D18__D19,0,0,31.79890655920819,5.608949555158146,False,21.801447057203625,False,True,,
fault_turns_d18_d19_r026_s1500_t80,turns,1500,80,D18,D19,7.400000000000006,turns__D18__D19,0,0,31.79890655920819,6.220143281671417,False,40.2914374717435,True,True,1.0,0.4
fault_turns_d18_d19_r026_s1800_t52,turns,1800,52,D18,D19,7.400000000000006,turns__D18__D19,0,0,31.79890655920819,12.655146741460058,False,54.72382859443026,True,True,1.0,0.4
fault_turns_d18_d19_r026_s1800_t64,turns,1800,64,D18,D19,7.400000000000006,turns__D18__D19,0,0,31.79890655920819,23.760228017269462,False,40.74351755806709,True,True,1.0,0.4
fault_turns_d18_d19_r026_s1800_t80,turns,1800,80,D18,D19,7.400000000000006,turns__D18__D19,0,0,31.79890655920819,13.309751801077148,False,42.634259370941656,True,True,1.0,0.4
fault_windings_d01_d06_r026_s1200_t52,windings,1200,52,D01,D06,14.34,windings__D01__D06,0,0,31.79890655920819,11.263709604206106,False,1286.5247291152316,True,True,0.0,0.2
fault_windings_d01_d06_r026_s1200_t64,windings,1200,64,D01,D06,14.34,windings__D01__D06,0,0,31.79890655920819,17.46928996982738,False,816.735218733382,True,True,0.0,0.2
fault_windings_d01_d06_r026_s1200_t80,windings,1200,80,D01,D06,14.34,windings__D01__D06,0,0,31.79890655920819,10.190918271389352,False,466.93975827598945,True,True,0.0,0.2
fault_windings_d01_d06_r026_s1500_t52,windings,1500,52,D01,D06,14.34,windings__D01__D06,0,0,31.79890655920819,10.485996869883028,False,2287.870685814444,True,True,0.0,0.2
fault_windings_d01_d06_r026_s1500_t64,windings,1500,64,D01,D06,14.34,windings__D01__D06,0,0,31.79890655920819,14.294671848416794,False,1479.2287944317206,True,True,0.0,0.2
fault_windings_d01_d06_r026_s1500_t80,windings,1500,80,D01,D06,14.34,windings__D01__D06,0,0,31.79890655920819,13.842333084560398,False,750.2309993052751,True,True,0.0,0.2
fault_windings_d01_d06_r026_s1800_t52,windings,1800,52,D01,D06,14.34,windings__D01__D06,0,0,31.79890655920819,8.207954334855547,False,1816.7836204452065,True,True,0.0,0.2
fault_windings_d01_d06_r026_s1800_t64,windings,1800,64,D01,D06,14.34,windings__D01__D06,0,0,31.79890655920819,34.49144006553631,True,1027.8328082877729,True,True,0.0,0.2
fault_windings_d01_d06_r026_s1800_t80,windings,1800,80,D01,D06,14.34,windings__D01__D06,0,0,31.79890655920819,17.184213935102466,False,652.2166063495631,True,True,0.0,0.2
fault_windings_d04_d07_r026_s1200_t52,windings,1200,52,D04,D07,9.7,windings__D04__D07,0,0,31.79890655920819,24.12672452050637,False,234.12820267916373,True,True,0.0,0.2
fault_windings_d04_d07_r026_s1200_t64,windings,1200,64,D04,D07,9.7,windings__D04__D07,0,0,31.79890655920819,15.631689448232933,False,181.49396047945305,True,True,0.0,0.2
fault_windings_d04_d07_r026_s1200_t80,windings,1200,80,D04,D07,9.7,windings__D04__D07,0,0,31.79890655920819,9.641051590455257,False,134.25722717785234,True,True,0.0,0.2
fault_windings_d04_d07_r026_s1500_t52,windings,1500,52,D04,D07,9.7,windings__D04__D07,0,0,31.79890655920819,9.639677923188511,False,383.71606236223175,True,True,0.0,0.2
fault_windings_d04_d07_r026_s1500_t64,windings,1500,64,D04,D07,9.7,windings__D04__D07,0,0,31.79890655920819,6.219942557762107,False,192.79217749517036,True,True,0.0,0.2
fault_windings_d04_d07_r026_s1500_t80,windings,1500,80,D04,D07,9.7,windings__D04__D07,0,0,31.79890655920819,97.1566345285053,True,138.2402115496603,True,True,0.0,0.2
fault_windings_d04_d07_r026_s1800_t52,windings,1800,52,D04,D07,9.7,windings__D04__D07,0,0,31.79890655920819,34.37465173184416,True,247.83934117052723,True,True,0.0,0.2
fault_windings_d04_d07_r026_s1800_t64,windings,1800,64,D04,D07,9.7,windings__D04__D07,0,0,31.79890655920819,23.47042577743274,False,180.93682444841835,True,True,0.0,0.2
fault_windings_d04_d07_r026_s1800_t80,windings,1800,80,D04,D07,9.7,windings__D04__D07,0,0,31.79890655920819,27.945258321896226,False,123.05482227974525,True,True,0.0,0.2
fault_windings_d12_d21_r026_s1200_t52,windings,1200,52,D12,D21,33.7,windings__D12__D21,0,0,31.79890655920819,14.917476437598193,False,75020.5712059003,True,True,0.0,0.2
fault_windings_d12_d21_r026_s1200_t64,windings,1200,64,D12,D21,33.7,windings__D12__D21,0,0,31.79890655920819,7.027075457662385,False,31559.53594854196,True,True,0.0,0.2
fault_windings_d12_d21_r026_s1200_t80,windings,1200,80,D12,D21,33.7,windings__D12__D21,0,0,31.79890655920819,16.617964417614566,False,8545.663070031309,True,True,0.0,0.2
fault_windings_d12_d21_r026_s1500_t52,windings,1500,52,D12,D21,33.7,windings__D12__D21,0,0,31.79890655920819,8.285554663124355,False,407003.98345504503,True,True,0.0,0.2
fault_windings_d12_d21_r026_s1500_t64,windings,1500,64,D12,D21,33.7,windings__D12__D21,0,0,31.79890655920819,9.963217429030887,False,123057.00636046648,True,True,0.0,0.2
fault_windings_d12_d21_r026_s1500_t80,windings,1500,80,D12,D21,33.7,windings__D12__D21,0,0,31.79890655920819,11.548585400400963,False,41651.13674367552,True,True,0.0,0.2
fault_windings_d12_d21_r026_s1800_t52,windings,1800,52,D12,D21,33.7,windings__D12__D21,0,0,31.79890655920819,41.04850828537632,True,1205329.2109201767,True,True,0.0,0.2
fault_windings_d12_d21_r026_s1800_t64,windings,1800,64,D12,D21,33.7,windings__D12__D21,0,0,31.79890655920819,23.156720923092312,False,404858.2890968136,True,True,0.0,0.2
fault_windings_d12_d21_r026_s1800_t80,windings,1800,80,D12,D21,33.7,windings__D12__D21,0,0,31.79890655920819,10.36346199828832,False,82309.86934982054,True,True,0.0,0.2
fault_windings_d13_d19_r026_s1200_t52,windings,1200,52,D13,D19,22.200000000000003,windings__D13__D19,0,0,31.79890655920819,5.735288082821093,False,4059.479636126438,True,True,0.0,0.2
fault_windings_d13_d19_r026_s1200_t64,windings,1200,64,D13,D19,22.200000000000003,windings__D13__D19,0,0,31.79890655920819,6.946330156318782,False,1317.8622866145479,True,True,0.0,0.2
fault_windings_d13_d19_r026_s1200_t80,windings,1200,80,D13,D19,22.200000000000003,windings__D13__D19,0,0,31.79890655920819,14.428811247967099,False,863.7146978589019,True,True,0.0,0.2
fault_windings_d13_d19_r026_s1500_t52,windings,1500,52,D13,D19,22.200000000000003,windings__D13__D19,0,0,31.79890655920819,6.614926440174148,False,7118.622549821261,True,True,0.0,0.2
fault_windings_d13_d19_r026_s1500_t64,windings,1500,64,D13,D19,22.200000000000003,windings__D13__D19,0,0,31.79890655920819,5.219185331369644,False,3210.8157171395083,True,True,0.0,0.2
fault_windings_d13_d19_r026_s1500_t80,windings,1500,80,D13,D19,22.200000000000003,windings__D13__D19,0,0,31.79890655920819,7.4608715369286225,False,2340.424177711548,True,True,0.0,0.2
fault_windings_d13_d19_r026_s1800_t52,windings,1800,52,D13,D19,22.200000000000003,windings__D13__D19,0,0,31.79890655920819,15.541213493597407,False,14979.438027257127,True,True,0.0,0.2
fault_windings_d13_d19_r026_s1800_t64,windings,1800,64,D13,D19,22.200000000000003,windings__D13__D19,0,0,31.79890655920819,14.344959489213636,False,6309.068439941131,True,True,0.0,0.2
fault_windings_d13_d19_r026_s1800_t80,windings,1800,80,D13,D19,22.200000000000003,windings__D13__D19,0,0,31.79890655920819,13.774769280790075,False,3920.1892630814773,True,True,0.0,0.2
fault_turns_d02_d03_r026_s1200_t52,turns,1200,52,D02,D03,7.689999999999999,turns__D02__D03,1,1,93.13276211878917,18.684450747431857,False,137.43373711364234,True,True,1.0,0.4
fault_turns_d02_d03_r026_s1200_t64,turns,1200,64,D02,D03,7.689999999999999,turns__D02__D03,1,1,93.13276211878917,12.585299517662047,False,63.46959653031311,False,True,,
fault_turns_d02_d03_r026_s1200_t80,turns,1200,80,D02,D03,7.689999999999999,turns__D02__D03,1,1,93.13276211878917,13.722061529954491,False,42.416841340266956,False,True,,
fault_turns_d02_d03_r026_s1500_t52,turns,1500,52,D02,D03,7.689999999999999,turns__D02__D03,1,1,93.13276211878917,11.033002459410802,False,75.5050995981553,False,True,,
fault_turns_d02_d03_r026_s1500_t64,turns,1500,64,D02,D03,7.689999999999999,turns__D02__D03,1,1,93.13276211878917,8.429846542418186,False,65.45750083313402,False,True,,
fault_turns_d02_d03_r026_s1500_t80,turns,1500,80,D02,D03,7.689999999999999,turns__D02__D03,1,1,93.13276211878917,7.8766106357945755,False,53.56560073972689,False,True,,
fault_turns_d02_d03_r026_s1800_t52,turns,1800,52,D02,D03,7.689999999999999,turns__D02__D03,1,1,93.13276211878917,19.542940988907013,False,286.694941154347,True,True,0.0,0.2
fault_turns_d02_d03_r026_s1800_t64,turns,1800,64,D02,D03,7.689999999999999,turns__D02__D03,1,1,93.13276211878917,25.223144395336604,False,127.53571616939018,True,True,1.0,0.4
fault_turns_d02_d03_r026_s1800_t80,turns,1800,80,D02,D03,7.689999999999999,turns__D02__D03,1,1,93.13276211878917,10.29729507023077,False,82.52341140063061,False,True,,
fault_turns_d09_d10_r026_s1200_t52,turns,1200,52,D09,D10,2.799999999999997,turns__D09__D10,1,1,93.13276211878917,8.964769013881355,False,26.04933830430232,False,True,,
fault_turns_d09_d10_r026_s1200_t64,turns,1200,64,D09,D10,2.799999999999997,turns__D09__D10,1,1,93.13276211878917,15.664184019512717,False,27.439901772070478,False,True,,
fault_turns_d09_d10_r026_s1200_t80,turns,1200,80,D09,D10,2.799999999999997,turns__D09__D10,1,1,93.13276211878917,21.52076078988783,False,53.67899664571432,False,True,,
fault_turns_d09_d10_r026_s1500_t52,turns,1500,52,D09,D10,2.799999999999997,turns__D09__D10,1,1,93.13276211878917,9.981306586063518,False,26.83731724017075,False,True,,
fault_turns_d09_d10_r026_s1500_t64,turns,1500,64,D09,D10,2.799999999999997,turns__D09__D10,1,1,93.13276211878917,19.702154394052073,False,68.47967189590439,False,True,,
fault_turns_d09_d10_r026_s1500_t80,turns,1500,80,D09,D10,2.799999999999997,turns__D09__D10,1,1,93.13276211878917,12.922800476981097,False,28.225866286496476,False,True,,
fault_turns_d09_d10_r026_s1800_t52,turns,1800,52,D09,D10,2.799999999999997,turns__D09__D10,1,1,93.13276211878917,19.80097234518966,False,130.98899013086464,True,True,1.0,0.4
fault_turns_d09_d10_r026_s1800_t64,turns,1800,64,D09,D10,2.799999999999997,turns__D09__D10,1,1,93.13276211878917,31.800426594915937,False,106.18879999609418,True,True,1.0,0.4
fault_turns_d09_d10_r026_s1800_t80,turns,1800,80,D09,D10,2.799999999999997,turns__D09__D10,1,1,93.13276211878917,16.967504071540517,False,36.632158342177355,False,True,,
fault_turns_d14_d15_r026_s1200_t52,turns,1200,52,D14,D15,7.400000000000006,turns__D14__D15,1,1,93.13276211878917,12.613008758753526,False,51.724879735847864,False,True,,
fault_turns_d14_d15_r026_s1200_t64,turns,1200,64,D14,D15,7.400000000000006,turns__D14__D15,1,1,93.13276211878917,13.006750609541932,False,41.591685498855284,False,True,,
fault_turns_d14_d15_r026_s1200_t80,turns,1200,80,D14,D15,7.400000000000006,turns__D14__D15,1,1,93.13276211878917,25.234769879332053,False,57.559816515351976,False,True,,
fault_turns_d14_d15_r026_s1500_t52,turns,1500,52,D14,D15,7.400000000000006,turns__D14__D15,1,1,93.13276211878917,29.870383730047845,False,227.66152767226131,True,True,0.0,0.2
fault_turns_d14_d15_r026_s1500_t64,turns,1500,64,D14,D15,7.400000000000006,turns__D14__D15,1,1,93.13276211878917,5.0024869826292555,False,109.49280296285355,True,True,1.0,0.4
fault_turns_d14_d15_r026_s1500_t80,turns,1500,80,D14,D15,7.400000000000006,turns__D14__D15,1,1,93.13276211878917,18.424041851829735,False,51.43415179174514,False,True,,
fault_turns_d14_d15_r026_s1800_t52,turns,1800,52,D14,D15,7.400000000000006,turns__D14__D15,1,1,93.13276211878917,18.051834385174065,False,176.6836702597983,True,True,0.0,0.2
fault_turns_d14_d15_r026_s1800_t64,turns,1800,64,D14,D15,7.400000000000006,turns__D14__D15,1,1,93.13276211878917,8.903535011442397,False,184.02483158717627,True,True,1.0,0.4
fault_turns_d14_d15_r026_s1800_t80,turns,1800,80,D14,D15,7.400000000000006,turns__D14__D15,1,1,93.13276211878917,14.134377725733588,False,126.57024869424404,True,True,1.0,0.4
fault_turns_d21_d22_r026_s1200_t52,turns,1200,52,D21,D22,3.8000000000000114,turns__D21__D22,1,1,93.13276211878917,26.223162703470383,False,51.88506154692547,False,True,,
fault_turns_d21_d22_r026_s1200_t64,turns,1200,64,D21,D22,3.8000000000000114,turns__D21__D22,1,1,93.13276211878917,22.248798638896922,False,33.56875671953928,False,True,,
fault_turns_d21_d22_r026_s1200_t80,turns,1200,80,D21,D22,3.8000000000000114,turns__D21__D22,1,1,93.13276211878917,34.563138752158814,False,38.59426439176261,False,True,,
fault_turns_d21_d22_r026_s1500_t52,turns,1500,52,D21,D22,3.8000000000000114,turns__D21__D22,1,1,93.13276211878917,13.299919947308577,False,27.77940616211741,False,True,,
fault_turns_d21_d22_r026_s1500_t64,turns,1500,64,D21,D22,3.8000000000000114,turns__D21__D22,1,1,93.13276211878917,12.77926175263936,False,48.7194121600981,False,True,,
fault_turns_d21_d22_r026_s1500_t80,turns,1500,80,D21,D22,3.8000000000000114,turns__D21__D22,1,1,93.13276211878917,12.405061083394527,False,19.250828701382115,False,True,,
fault_turns_d21_d22_r026_s1800_t52,turns,1800,52,D21,D22,3.8000000000000114,turns__D21__D22,1,1,93.13276211878917,12.389946849297388,False,41.26105366754639,False,True,,
fault_turns_d21_d22_r026_s1800_t64,turns,1800,64,D21,D22,3.8000000000000114,turns__D21__D22,1,1,93.13276211878917,14.431677709740635,False,28.64043219891107,False,True,,
fault_turns_d21_d22_r026_s1800_t80,turns,1800,80,D21,D22,3.8000000000000114,turns__D21__D22,1,1,93.13276211878917,21.491899729396618,False,36.47520001570254,False,True,,
fault_windings_d01_d07_r026_s1200_t52,windings,1200,52,D01,D07,21.74,windings__D01__D07,1,1,93.13276211878917,33.62539459408161,False,7031.991701130327,True,True,0.0,0.2
fault_windings_d01_d07_r026_s1200_t64,windings,1200,64,D01,D07,21.74,windings__D01__D07,1,1,93.13276211878917,15.100353822620182,False,4621.5155151279305,True,True,0.0,0.2
fault_windings_d01_d07_r026_s1200_t80,windings,1200,80,D01,D07,21.74,windings__D01__D07,1,1,93.13276211878917,10.348253554634525,False,3789.0317769501103,True,True,0.0,0.2
fault_windings_d01_d07_r026_s1500_t52,windings,1500,52,D01,D07,21.74,windings__D01__D07,1,1,93.13276211878917,23.253895501635967,False,13107.952326954879,True,True,0.0,0.2
fault_windings_d01_d07_r026_s1500_t64,windings,1500,64,D01,D07,21.74,windings__D01__D07,1,1,93.13276211878917,11.439515241825369,False,7854.123424308929,True,True,0.0,0.2
fault_windings_d01_d07_r026_s1500_t80,windings,1500,80,D01,D07,21.74,windings__D01__D07,1,1,93.13276211878917,22.681559988288804,False,4713.2718664986605,True,True,0.0,0.2
fault_windings_d01_d07_r026_s1800_t52,windings,1800,52,D01,D07,21.74,windings__D01__D07,1,1,93.13276211878917,16.99081501141674,False,19137.827327027684,True,True,0.0,0.2
fault_windings_d01_d07_r026_s1800_t64,windings,1800,64,D01,D07,21.74,windings__D01__D07,1,1,93.13276211878917,16.745626623693205,False,10894.38573405197,True,True,0.0,0.2
fault_windings_d01_d07_r026_s1800_t80,windings,1800,80,D01,D07,21.74,windings__D01__D07,1,1,93.13276211878917,16.69469683718112,False,5130.329434757749,True,True,0.0,0.2
fault_windings_d11_d21_r026_s1200_t52,windings,1200,52,D11,D21,36.39999999999999,windings__D11__D21,1,1,93.13276211878917,34.357199203107115,False,324152.2490487354,True,True,0.0,0.2
fault_windings_d11_d21_r026_s1200_t64,windings,1200,64,D11,D21,36.39999999999999,windings__D11__D21,1,1,93.13276211878917,19.16845578993069,False,124282.29811140464,True,True,0.0,0.2
fault_windings_d11_d21_r026_s1200_t80,windings,1200,80,D11,D21,36.39999999999999,windings__D11__D21,1,1,93.13276211878917,7.1689060354204575,False,28583.72277617168,True,True,0.0,0.2
fault_windings_d11_d21_r026_s1500_t52,windings,1500,52,D11,D21,36.39999999999999,windings__D11__D21,1,1,93.13276211878917,14.297774385097602,False,1006167.7389262512,True,True,0.0,0.2
fault_windings_d11_d21_r026_s1500_t64,windings,1500,64,D11,D21,36.39999999999999,windings__D11__D21,1,1,93.13276211878917,21.97537411069397,False,521560.37568151,True,True,0.0,0.2
fault_windings_d11_d21_r026_s1500_t80,windings,1500,80,D11,D21,36.39999999999999,windings__D11__D21,1,1,93.13276211878917,9.441106955135387,False,159540.4195978728,True,True,0.0,0.2
fault_windings_d11_d21_r026_s1800_t52,windings,1800,52,D11,D21,36.39999999999999,windings__D11__D21,1,1,93.13276211878917,72.97212246807622,False,1569111.8617300126,True,True,0.0,0.2
fault_windings_d11_d21_r026_s1800_t64,windings,1800,64,D11,D21,36.39999999999999,windings__D11__D21,1,1,93.13276211878917,17.7167288932004,False,1206216.2299089285,True,True,0.0,0.2
fault_windings_d11_d21_r026_s1800_t80,windings,1800,80,D11,D21,36.39999999999999,windings__D11__D21,1,1,93.13276211878917,15.271891171228841,False,364394.5919501515,True,True,0.0,0.2
fault_windings_d12_d22_r026_s1200_t52,windings,1200,52,D12,D22,37.50000000000001,windings__D12__D22,1,1,93.13276211878917,15.250993238847787,False,389487.4064372589,True,True,0.0,0.2
fault_windings_d12_d22_r026_s1200_t64,windings,1200,64,D12,D22,37.50000000000001,windings__D12__D22,1,1,93.13276211878917,15.317979795528345,False,144938.9044261771,True,True,0.0,0.2
fault_windings_d12_d22_r026_s1200_t80,windings,1200,80,D12,D22,37.50000000000001,windings__D12__D22,1,1,93.13276211878917,9.352720932337629,False,29085.27109073016,True,True,0.0,0.2
fault_windings_d12_d22_r026_s1500_t52,windings,1500,52,D12,D22,37.50000000000001,windings__D12__D22,1,1,93.13276211878917,10.568140738391827,False,1045045.5922513573,True,True,0.0,0.2
fault_windings_d12_d22_r026_s1500_t64,windings,1500,64,D12,D22,37.50000000000001,windings__D12__D22,1,1,93.13276211878917,5.935946426155056,False,524388.0872379082,True,True,0.0,0.2
fault_windings_d12_d22_r026_s1500_t80,windings,1500,80,D12,D22,37.50000000000001,windings__D12__D22,1,1,93.13276211878917,22.417018660990518,False,154911.09509855567,True,True,0.0,0.2
fault_windings_d12_d22_r026_s1800_t52,windings,1800,52,D12,D22,37.50000000000001,windings__D12__D22,1,1,93.13276211878917,19.889993703590708,False,1460137.8038202901,True,True,0.0,0.2
fault_windings_d12_d22_r026_s1800_t64,windings,1800,64,D12,D22,37.50000000000001,windings__D12__D22,1,1,93.13276211878917,14.833743632719418,False,1363903.0586217686,True,True,0.0,0.2
fault_windings_d12_d22_r026_s1800_t80,windings,1800,80,D12,D22,37.50000000000001,windings__D12__D22,1,1,93.13276211878917,13.924943095429803,False,401755.1018115137,True,True,0.0,0.2
fault_windings_d16_d18_r026_s1200_t52,windings,1200,52,D16,D18,3.199999999999996,windings__D16__D18,1,1,93.13276211878917,20.612772755921007,False,52.83538372176469,False,True,,
fault_windings_d16_d18_r026_s1200_t64,windings,1200,64,D16,D18,3.199999999999996,windings__D16__D18,1,1,93.13276211878917,47.145614239449344,False,82.73919252137206,False,True,,
fault_windings_d16_d18_r026_s1200_t80,windings,1200,80,D16,D18,3.199999999999996,windings__D16__D18,1,1,93.13276211878917,29.121499105915607,False,110.47474549150485,True,True,0.0,0.2
fault_windings_d16_d18_r026_s1500_t52,windings,1500,52,D16,D18,3.199999999999996,windings__D16__D18,1,1,93.13276211878917,29.883741010474843,False,84.46185785581835,False,True,,
fault_windings_d16_d18_r026_s1500_t64,windings,1500,64,D16,D18,3.199999999999996,windings__D16__D18,1,1,93.13276211878917,17.14065506644395,False,28.596654154976186,False,True,,
fault_windings_d16_d18_r026_s1500_t80,windings,1500,80,D16,D18,3.199999999999996,windings__D16__D18,1,1,93.13276211878917,9.543611766590981,False,34.72003204859422,False,True,,
fault_windings_d16_d18_r026_s1800_t52,windings,1800,52,D16,D18,3.199999999999996,windings__D16__D18,1,1,93.13276211878917,105.72444653804972,True,67.5703558912875,False,True,,
fault_windings_d16_d18_r026_s1800_t64,windings,1800,64,D16,D18,3.199999999999996,windings__D16__D18,1,1,93.13276211878917,18.262229282857593,False,25.113622411101428,False,True,,
fault_windings_d16_d18_r026_s1800_t80,windings,1800,80,D16,D18,3.199999999999996,windings__D16__D18,1,1,93.13276211878917,22.03025057642277,False,35.343453709284525,False,True,,
fault_turns_d05_d08_r026_s1200_t52,turns,1200,52,D05,D08,12.1,turns__D05__D08,2,2,49.55920049435214,49.36131128958769,False,476.1110706546297,True,True,0.0,0.2
fault_turns_d05_d08_r026_s1200_t64,turns,1200,64,D05,D08,12.1,turns__D05__D08,2,2,49.55920049435214,10.512392628080606,False,216.67490449413498,True,True,0.0,0.2
fault_turns_d05_d08_r026_s1200_t80,turns,1200,80,D05,D08,12.1,turns__D05__D08,2,2,49.55920049435214,9.710100061840066,False,135.1666514926673,True,True,1.0,0.4
fault_turns_d05_d08_r026_s1500_t52,turns,1500,52,D05,D08,12.1,turns__D05__D08,2,2,49.55920049435214,29.67382789118783,False,432.6435161493914,True,True,0.0,0.2
fault_turns_d05_d08_r026_s1500_t64,turns,1500,64,D05,D08,12.1,turns__D05__D08,2,2,49.55920049435214,25.72771120686592,False,533.3889850891705,True,True,0.0,0.2
fault_turns_d05_d08_r026_s1500_t80,turns,1500,80,D05,D08,12.1,turns__D05__D08,2,2,49.55920049435214,19.734893196598602,False,378.1420762842573,True,True,0.0,0.2
fault_turns_d05_d08_r026_s1800_t52,turns,1800,52,D05,D08,12.1,turns__D05__D08,2,2,49.55920049435214,40.793792756245395,False,656.5303883751292,True,True,0.0,0.2
fault_turns_d05_d08_r026_s1800_t64,turns,1800,64,D05,D08,12.1,turns__D05__D08,2,2,49.55920049435214,18.699663979739444,False,513.0841848889982,True,True,0.0,0.2
fault_turns_d05_d08_r026_s1800_t80,turns,1800,80,D05,D08,12.1,turns__D05__D08,2,2,49.55920049435214,33.48235287243587,False,312.40673726293596,True,True,0.0,0.2
fault_turns_d11_d12_r026_s1200_t52,turns,1200,52,D11,D12,2.699999999999996,turns__D11__D12,2,2,49.55920049435214,22.5250505073086,False,25.983112566463046,False,True,,
fault_turns_d11_d12_r026_s1200_t64,turns,1200,64,D11,D12,2.699999999999996,turns__D11__D12,2,2,49.55920049435214,8.006713388495413,False,18.622804824636994,False,True,,
fault_turns_d11_d12_r026_s1200_t80,turns,1200,80,D11,D12,2.699999999999996,turns__D11__D12,2,2,49.55920049435214,35.731543009369666,False,29.14073737321935,False,True,,
fault_turns_d11_d12_r026_s1500_t52,turns,1500,52,D11,D12,2.699999999999996,turns__D11__D12,2,2,49.55920049435214,41.477317939327946,False,33.32449475470473,False,True,,
fault_turns_d11_d12_r026_s1500_t64,turns,1500,64,D11,D12,2.699999999999996,turns__D11__D12,2,2,49.55920049435214,7.588888795348722,False,13.163997574976124,False,True,,
fault_turns_d11_d12_r026_s1500_t80,turns,1500,80,D11,D12,2.699999999999996,turns__D11__D12,2,2,49.55920049435214,18.717614204710642,False,35.619133358729684,False,True,,
fault_turns_d11_d12_r026_s1800_t52,turns,1800,52,D11,D12,2.699999999999996,turns__D11__D12,2,2,49.55920049435214,140.16334904504797,True,127.78153399232589,True,True,0.0,0.2
fault_turns_d11_d12_r026_s1800_t64,turns,1800,64,D11,D12,2.699999999999996,turns__D11__D12,2,2,49.55920049435214,25.0948432750975,False,47.508604540290996,False,True,,
fault_turns_d11_d12_r026_s1800_t80,turns,1800,80,D11,D12,2.699999999999996,turns__D11__D12,2,2,49.55920049435214,18.558253545637427,False,21.40425814584308,False,True,,
fault_turns_d17_d20_r026_s1200_t52,turns,1200,52,D17,D20,11.599999999999994,turns__D17__D20,2,2,49.55920049435214,17.903049552397654,False,361.42395300400545,True,True,0.0,0.2
fault_turns_d17_d20_r026_s1200_t64,turns,1200,64,D17,D20,11.599999999999994,turns__D17__D20,2,2,49.55920049435214,22.547393494707794,False,223.70747411480514,True,True,0.0,0.2
fault_turns_d17_d20_r026_s1200_t80,turns,1200,80,D17,D20,11.599999999999994,turns__D17__D20,2,2,49.55920049435214,11.572924302200667,False,158.37268838508817,True,True,0.0,0.2
fault_turns_d17_d20_r026_s1500_t52,turns,1500,52,D17,D20,11.599999999999994,turns__D17__D20,2,2,49.55920049435214,3.721120948569822,False,429.9929637370465,True,True,0.0,0.2
fault_turns_d17_d20_r026_s1500_t64,turns,1500,64,D17,D20,11.599999999999994,turns__D17__D20,2,2,49.55920049435214,5.815661796313604,False,220.67867557836735,True,True,0.0,0.2
fault_turns_d17_d20_r026_s1500_t80,turns,1500,80,D17,D20,11.599999999999994,turns__D17__D20,2,2,49.55920049435214,7.5756786027933085,False,203.66392739163422,True,True,0.0,0.2
fault_turns_d17_d20_r026_s1800_t52,turns,1800,52,D17,D20,11.599999999999994,turns__D17__D20,2,2,49.55920049435214,35.66103057137638,False,492.28380051953184,True,True,0.0,0.2
fault_turns_d17_d20_r026_s1800_t64,turns,1800,64,D17,D20,11.599999999999994,turns__D17__D20,2,2,49.55920049435214,13.739018949270502,False,202.7216161950424,True,True,0.0,0.2
fault_turns_d17_d20_r026_s1800_t80,turns,1800,80,D17,D20,11.599999999999994,turns__D17__D20,2,2,49.55920049435214,12.406226764427512,False,218.21836077726184,True,True,0.0,0.2
fault_turns_d23_d24_r026_s1200_t52,turns,1200,52,D23,D24,2.800000000000012,turns__D23__D24,2,2,49.55920049435214,19.38362341720451,False,43.1396995748606,False,True,,
fault_turns_d23_d24_r026_s1200_t64,turns,1200,64,D23,D24,2.800000000000012,turns__D23__D24,2,2,49.55920049435214,51.30486799818243,True,21.247943633173755,False,True,,
fault_turns_d23_d24_r026_s1200_t80,turns,1200,80,D23,D24,2.800000000000012,turns__D23__D24,2,2,49.55920049435214,14.631329180577207,False,37.770259041567336,False,True,,
fault_turns_d23_d24_r026_s1500_t52,turns,1500,52,D23,D24,2.800000000000012,turns__D23__D24,2,2,49.55920049435214,13.543994100653041,False,31.840728550651956,False,True,,
fault_turns_d23_d24_r026_s1500_t64,turns,1500,64,D23,D24,2.800000000000012,turns__D23__D24,2,2,49.55920049435214,14.442103015903133,False,23.832175490451448,False,True,,
fault_turns_d23_d24_r026_s1500_t80,turns,1500,80,D23,D24,2.800000000000012,turns__D23__D24,2,2,49.55920049435214,8.614655787973613,False,29.846369689138108,False,True,,
fault_turns_d23_d24_r026_s1800_t52,turns,1800,52,D23,D24,2.800000000000012,turns__D23__D24,2,2,49.55920049435214,27.842936605543063,False,65.40733786445963,True,True,1.0,0.4
fault_turns_d23_d24_r026_s1800_t64,turns,1800,64,D23,D24,2.800000000000012,turns__D23__D24,2,2,49.55920049435214,55.07874071998672,True,41.455642969584105,False,True,,
fault_turns_d23_d24_r026_s1800_t80,turns,1800,80,D23,D24,2.800000000000012,turns__D23__D24,2,2,49.55920049435214,26.62201385540015,False,30.29989271989379,False,True,,
fault_windings_d04_d06_r026_s1200_t52,windings,1200,52,D04,D06,2.3000000000000007,windings__D04__D06,2,2,49.55920049435214,22.520136038364242,False,20.387089706293164,False,True,,
fault_windings_d04_d06_r026_s1200_t64,windings,1200,64,D04,D06,2.3000000000000007,windings__D04__D06,2,2,49.55920049435214,13.223870176615993,False,47.54972012610612,False,True,,
fault_windings_d04_d06_r026_s1200_t80,windings,1200,80,D04,D06,2.3000000000000007,windings__D04__D06,2,2,49.55920049435214,21.71906244967893,False,40.47530776469629,False,True,,
fault_windings_d04_d06_r026_s1500_t52,windings,1500,52,D04,D06,2.3000000000000007,windings__D04__D06,2,2,49.55920049435214,23.026052819371404,False,38.4998057731679,False,True,,
fault_windings_d04_d06_r026_s1500_t64,windings,1500,64,D04,D06,2.3000000000000007,windings__D04__D06,2,2,49.55920049435214,49.630185094284506,True,92.67965597919631,True,True,0.0,0.2
fault_windings_d04_d06_r026_s1500_t80,windings,1500,80,D04,D06,2.3000000000000007,windings__D04__D06,2,2,49.55920049435214,20.851385330100264,False,33.93531688769835,False,True,,
fault_windings_d04_d06_r026_s1800_t52,windings,1800,52,D04,D06,2.3000000000000007,windings__D04__D06,2,2,49.55920049435214,24.686662039952477,False,92.54557925935656,True,True,0.0,0.2
fault_windings_d04_d06_r026_s1800_t64,windings,1800,64,D04,D06,2.3000000000000007,windings__D04__D06,2,2,49.55920049435214,103.55196400032766,True,166.82270454321352,True,True,0.0,0.2
fault_windings_d04_d06_r026_s1800_t80,windings,1800,80,D04,D06,2.3000000000000007,windings__D04__D06,2,2,49.55920049435214,31.148974825435104,False,150.03012213012056,True,True,0.0,0.2
fault_windings_d11_d22_r026_s1200_t52,windings,1200,52,D11,D22,40.2,windings__D11__D22,2,2,49.55920049435214,27.84145354370095,False,762976.8469546735,True,True,0.0,0.2
fault_windings_d11_d22_r026_s1200_t64,windings,1200,64,D11,D22,40.2,windings__D11__D22,2,2,49.55920049435214,6.034089175099965,False,187900.86782599025,True,True,0.0,0.2
fault_windings_d11_d22_r026_s1200_t80,windings,1200,80,D11,D22,40.2,windings__D11__D22,2,2,49.55920049435214,10.706687786042359,False,55403.32060769464,True,True,0.0,0.2
fault_windings_d11_d22_r026_s1500_t52,windings,1500,52,D11,D22,40.2,windings__D11__D22,2,2,49.55920049435214,25.31494817810828,False,1348664.916886256,True,True,0.0,0.2
fault_windings_d11_d22_r026_s1500_t64,windings,1500,64,D11,D22,40.2,windings__D11__D22,2,2,49.55920049435214,26.381832385521022,False,715308.407136403,True,True,0.0,0.2
fault_windings_d11_d22_r026_s1500_t80,windings,1500,80,D11,D22,40.2,windings__D11__D22,2,2,49.55920049435214,15.274698365391775,False,198821.40285746372,True,True,0.0,0.2
fault_windings_d11_d22_r026_s1800_t52,windings,1800,52,D11,D22,40.2,windings__D11__D22,2,2,49.55920049435214,37.665390227405055,False,838610.8053759951,True,True,0.0,0.2
fault_windings_d11_d22_r026_s1800_t64,windings,1800,64,D11,D22,40.2,windings__D11__D22,2,2,49.55920049435214,10.861637327857503,False,1347753.1152335184,True,True,0.0,0.2
fault_windings_d11_d22_r026_s1800_t80,windings,1800,80,D11,D22,40.2,windings__D11__D22,2,2,49.55920049435214,17.095444336116074,False,690580.3379966399,True,True,0.0,0.2
fault_windings_d13_d18_r026_s1200_t52,windings,1200,52,D13,D18,14.799999999999995,windings__D13__D18,2,2,49.55920049435214,13.49048720631933,False,423.1545322713523,True,True,0.0,0.2
fault_windings_d13_d18_r026_s1200_t64,windings,1200,64,D13,D18,14.799999999999995,windings__D13__D18,2,2,49.55920049435214,12.649751827510652,False,318.230217450101,True,True,0.0,0.2
fault_windings_d13_d18_r026_s1200_t80,windings,1200,80,D13,D18,14.799999999999995,windings__D13__D18,2,2,49.55920049435214,6.931050073326148,False,276.4149979637507,True,True,0.0,0.2
fault_windings_d13_d18_r026_s1500_t52,windings,1500,52,D13,D18,14.799999999999995,windings__D13__D18,2,2,49.55920049435214,8.085151038225494,False,1245.510438041627,True,True,0.0,0.2
fault_windings_d13_d18_r026_s1500_t64,windings,1500,64,D13,D18,14.799999999999995,windings__D13__D18,2,2,49.55920049435214,11.939060702104175,False,736.4582653658629,True,True,0.0,0.2
fault_windings_d13_d18_r026_s1500_t80,windings,1500,80,D13,D18,14.799999999999995,windings__D13__D18,2,2,49.55920049435214,16.75053302494592,False,532.1803778434061,True,True,0.0,0.2
fault_windings_d13_d18_r026_s1800_t52,windings,1800,52,D13,D18,14.799999999999995,windings__D13__D18,2,2,49.55920049435214,20.571300530253925,False,1361.3125704563113,True,True,0.0,0.2
fault_windings_d13_d18_r026_s1800_t64,windings,1800,64,D13,D18,14.799999999999995,windings__D13__D18,2,2,49.55920049435214,28.60469952012204,False,1260.5767851877836,True,True,0.0,0.2
fault_windings_d13_d18_r026_s1800_t80,windings,1800,80,D13,D18,14.799999999999995,windings__D13__D18,2,2,49.55920049435214,14.561241230913843,False,877.9447292180267,True,True,0.0,0.2
fault_windings_d16_d19_r026_s1200_t52,windings,1200,52,D16,D19,10.6,windings__D16__D19,2,2,49.55920049435214,19.289565539685647,False,162.89211507687932,True,True,0.0,0.2
fault_windings_d16_d19_r026_s1200_t64,windings,1200,64,D16,D19,10.6,windings__D16__D19,2,2,49.55920049435214,7.6085919706755085,False,92.75676406379198,True,True,1.0,0.4
fault_windings_d16_d19_r026_s1200_t80,windings,1200,80,D16,D19,10.6,windings__D16__D19,2,2,49.55920049435214,25.315704614329185,False,88.66362335210681,True,True,0.0,0.2
fault_windings_d16_d19_r026_s1500_t52,windings,1500,52,D16,D19,10.6,windings__D16__D19,2,2,49.55920049435214,37.97254573712317,False,884.0542104525539,True,True,0.0,0.2
fault_windings_d16_d19_r026_s1500_t64,windings,1500,64,D16,D19,10.6,windings__D16__D19,2,2,49.55920049435214,5.573730178697791,False,247.24731762810018,True,True,0.0,0.2
fault_windings_d16_d19_r026_s1500_t80,windings,1500,80,D16,D19,10.6,windings__D16__D19,2,2,49.55920049435214,14.796421001851378,False,144.9726601351281,True,True,0.0,0.2
fault_windings_d16_d19_r026_s1800_t52,windings,1800,52,D16,D19,10.6,windings__D16__D19,2,2,49.55920049435214,32.90898888824792,False,596.1523647673938,True,True,0.0,0.2
fault_windings_d16_d19_r026_s1800_t64,windings,1800,64,D16,D19,10.6,windings__D16__D19,2,2,49.55920049435214,197.8734758464903,True,457.89993873027805,True,True,0.0,0.2
fault_windings_d16_d19_r026_s1800_t80,windings,1800,80,D16,D19,10.6,windings__D16__D19,2,2,49.55920049435214,27.80551131682139,False,211.75703734727267,True,True,0.0,0.2
