seed,model,selected_parameters,distribution,band,alpha,nominal_curvewise_coverage,calibration_designs,conformal_quantile,waveform_mae,waveform_rmse,waveform_mape_percent,mean_curve_max_error,mean_torque_mae,torque_ripple_mae,designs,covered_designs,curvewise_coverage,coverage_wilson_lower,coverage_wilson_upper,pointwise_coverage,mean_half_width,p90_half_width,support_rejected_designs,support_rejection_rate,accepted_curvewise_coverage
20260821,ard_gaussian_process,"{'dimensions': 20.0, 'length_scale_upper': 10.0}",internal_uniform,global,0.1,0.9,600,0.007124876179400386,0.001713387377433119,0.0026668380757526528,0.34659918744774115,0.003947479105386255,0.0012899428436556983,0.002162633365370892,200,184,0.92,0.874010511732856,0.9501594141102401,0.9798333333333333,0.007124876179400386,0.007124876179400386,10,0.05,0.9368421052631579
20260821,ard_gaussian_process,"{'dimensions': 20.0, 'length_scale_upper': 10.0}",internal_uniform,geometry_scaled,0.1,0.9,600,0.006809482179137148,0.001713387377433119,0.0026668380757526528,0.34659918744774115,0.003947479105386255,0.0012899428436556983,0.002162633365370892,200,184,0.92,0.874010511732856,0.9501594141102401,0.9795416666666666,0.006833811706395254,0.007399555942083687,10,0.05,0.9368421052631579
20260821,ard_gaussian_process,"{'dimensions': 20.0, 'length_scale_upper': 10.0}",internal_uniform,global,0.05,0.95,600,0.009615374438658286,0.001713387377433119,0.0026668380757526528,0.34659918744774115,0.003947479105386255,0.0012899428436556983,0.002162633365370892,200,192,0.96,0.923067931799067,0.9795943679338476,0.9894583333333333,0.009615374438658286,0.009615374438658286,10,0.05,0.9736842105263158
20260821,ard_gaussian_process,"{'dimensions': 20.0, 'length_scale_upper': 10.0}",internal_uniform,geometry_scaled,0.05,0.95,600,0.008996132453243813,0.001713387377433119,0.0026668380757526528,0.34659918744774115,0.003947479105386255,0.0012899428436556983,0.002162633365370892,200,192,0.96,0.923067931799067,0.9795943679338476,0.9896666666666667,0.009028274640267857,0.009775689780659229,10,0.05,0.9736842105263158
20260821,ard_gaussian_process,"{'dimensions': 20.0, 'length_scale_upper': 10.0}",uq_uniform,global,0.1,0.9,600,0.007124876179400386,0.0016447614065163779,0.0024586045078786823,0.33381891026084537,0.0038249156379853264,0.0011879102252006855,0.0021863824556767803,11250,10158,0.9029333333333334,0.8973244011249215,0.9082671858166311,0.9800237037037037,0.0071248761794003865,0.007124876179400386,620,0.05511111111111111,0.9185324553151458
20260821,ard_gaussian_process,"{'dimensions': 20.0, 'length_scale_upper': 10.0}",uq_uniform,geometry_scaled,0.1,0.9,600,0.006809482179137148,0.0016447614065163779,0.0024586045078786823,0.33381891026084537,0.0038249156379853264,0.0011879102252006855,0.0021863824556767803,11250,10121,0.8996444444444445,0.8939549343084106,0.9050611201564518,0.9800022222222222,0.006805745385354142,0.007379339953303836,620,0.05511111111111111,0.9123236124176858
20260821,ard_gaussian_process,"{'dimensions': 20.0, 'length_scale_upper': 10.0}",uq_uniform,global,0.05,0.95,600,0.009615374438658286,0.0016447614065163779,0.0024586045078786823,0.33381891026084537,0.0038249156379853264,0.0011879102252006855,0.0021863824556767803,11250,10745,0.9551111111111111,0.9511270558971364,0.9587844652016392,0.9920155555555555,0.009615374438658286,0.009615374438658286,620,0.05511111111111111,0.9650047036688617
20260821,ard_gaussian_process,"{'dimensions': 20.0, 'length_scale_upper': 10.0}",uq_uniform,geometry_scaled,0.05,0.95,600,0.008996132453243813,0.0016447614065163779,0.0024586045078786823,0.33381891026084537,0.0038249156379853264,0.0011879102252006855,0.0021863824556767803,11250,10716,0.9525333333333333,0.9484472781560508,0.9563104472177512,0.9917111111111111,0.008991195706081836,0.009748982065160092,620,0.05511111111111111,0.9605832549388523
20260821,ard_gaussian_process,"{'dimensions': 20.0, 'length_scale_upper': 10.0}",uq_gauss_shift,global,0.1,0.9,600,0.007124876179400386,0.0011724504244587856,0.0014011524991538037,0.20860420958784992,0.002406475137205567,0.001037817195745048,0.0017364221992331316,10000,10000,1.0,0.9996160016293234,1.0,1.0,0.007124876179400386,0.007124876179400386,0,0.0,1.0
20260821,ard_gaussian_process,"{'dimensions': 20.0, 'length_scale_upper': 10.0}",uq_gauss_shift,geometry_scaled,0.1,0.9,600,0.006809482179137148,0.0011724504244587856,0.0014011524991538037,0.20860420958784992,0.002406475137205567,0.001037817195745048,0.0017364221992331316,10000,10000,1.0,0.9996160016293234,1.0,1.0,0.005600996960592637,0.005767280351720447,0,0.0,1.0
20260821,ard_gaussian_process,"{'dimensions': 20.0, 'length_scale_upper': 10.0}",uq_gauss_shift,global,0.05,0.95,600,0.009615374438658286,0.0011724504244587856,0.0014011524991538037,0.20860420958784992,0.002406475137205567,0.001037817195745048,0.0017364221992331316,10000,10000,1.0,0.9996160016293234,1.0,1.0,0.009615374438658288,0.009615374438658286,0,0.0,1.0
20260821,ard_gaussian_process,"{'dimensions': 20.0, 'length_scale_upper': 10.0}",uq_gauss_shift,geometry_scaled,0.05,0.95,600,0.008996132453243813,0.0011724504244587856,0.0014011524991538037,0.20860420958784992,0.002406475137205567,0.001037817195745048,0.0017364221992331316,10000,10000,1.0,0.9996160016293234,1.0,1.0,0.007399580350189288,0.007619260403974212,0,0.0,1.0
1201,ard_gaussian_process,"{'dimensions': 20.0, 'length_scale_upper': 10.0}",internal_uniform,global,0.1,0.9,600,0.006826437365146654,0.0018417305686713077,0.003191971434593138,0.3765539222806467,0.004220911137219364,0.0013831153991647346,0.0023477424570247153,200,179,0.895,0.8448196800887696,0.9302925120731899,0.9695,0.006826437365146654,0.006826437365146654,6,0.03,0.9072164948453608
1201,ard_gaussian_process,"{'dimensions': 20.0, 'length_scale_upper': 10.0}",internal_uniform,geometry_scaled,0.1,0.9,600,0.006697228925248546,0.0018417305686713077,0.003191971434593138,0.3765539222806467,0.004220911137219364,0.0013831153991647346,0.0023477424570247153,200,179,0.895,0.8448196800887696,0.9302925120731899,0.9711666666666666,0.00675664278945215,0.007297128254361627,6,0.03,0.9072164948453608
1201,ard_gaussian_process,"{'dimensions': 20.0, 'length_scale_upper': 10.0}",internal_uniform,global,0.05,0.95,600,0.008955605509789355,0.0018417305686713077,0.003191971434593138,0.3765539222806467,0.004220911137219364,0.0013831153991647346,0.0023477424570247153,200,187,0.935,0.8919809207009312,0.961623645350847,0.98375,0.008955605509789355,0.008955605509789355,6,0.03,0.9484536082474226
1201,ard_gaussian_process,"{'dimensions': 20.0, 'length_scale_upper': 10.0}",internal_uniform,geometry_scaled,0.05,0.95,600,0.008633693993359823,0.0018417305686713077,0.003191971434593138,0.3765539222806467,0.004220911137219364,0.0013831153991647346,0.0023477424570247153,200,188,0.94,0.8980683070423372,0.9653478057456681,0.9838333333333333,0.008710287033290576,0.0094070507491455,6,0.03,0.9536082474226805
1201,ard_gaussian_process,"{'dimensions': 20.0, 'length_scale_upper': 10.0}",uq_uniform,global,0.1,0.9,600,0.006826437365146654,0.0017008728122502046,0.0025800830940799695,0.3477715685125146,0.003978208846161115,0.0012298550162599424,0.002274629630935567,11250,9993,0.8882666666666666,0.8823121183334196,0.8939561481039732,0.9750659259259259,0.006826437365146654,0.006826437365146654,470,0.041777777777777775,0.9007421150278293
1201,ard_gaussian_process,"{'dimensions': 20.0, 'length_scale_upper': 10.0}",uq_uniform,geometry_scaled,0.1,0.9,600,0.006697228925248546,0.0017008728122502046,0.0025800830940799695,0.3477715685125146,0.003978208846161115,0.0012298550162599424,0.002274629630935567,11250,10005,0.8893333333333333,0.8834027787065752,0.8949980928583927,0.9763037037037037,0.0067076815672677615,0.007271723797529339,470,0.041777777777777775,0.8998144712430427
1201,ard_gaussian_process,"{'dimensions': 20.0, 'length_scale_upper': 10.0}",uq_uniform,global,0.05,0.95,600,0.008955605509789355,0.0017008728122502046,0.0025800830940799695,0.3477715685125146,0.003978208846161115,0.0012298550162599424,0.002274629630935567,11250,10602,0.9424,0.9379418019642343,0.9465561746976028,0.9876333333333334,0.008955605509789355,0.008955605509789355,470,0.041777777777777775,0.9512987012987013
1201,ard_gaussian_process,"{'dimensions': 20.0, 'length_scale_upper': 10.0}",uq_uniform,geometry_scaled,0.05,0.95,600,0.008633693993359823,0.0017008728122502046,0.0025800830940799695,0.3477715685125146,0.003978208846161115,0.0012298550162599424,0.002274629630935567,11250,10596,0.9418666666666666,0.9373900097909968,0.9460416643070524,0.9882288888888889,0.00864716895645625,0.009374300740327583,470,0.041777777777777775,0.9487940630797773
1201,ard_gaussian_process,"{'dimensions': 20.0, 'length_scale_upper': 10.0}",uq_gauss_shift,global,0.1,0.9,600,0.006826437365146654,0.0011027746639071113,0.0013296513605828167,0.1976787343595965,0.0023535789168440003,0.0009449637795749857,0.0015820395107413701,10000,10000,1.0,0.9996160016293234,1.0,1.0,0.0068264373651466545,0.006826437365146654,0,0.0,1.0
1201,ard_gaussian_process,"{'dimensions': 20.0, 'length_scale_upper': 10.0}",uq_gauss_shift,geometry_scaled,0.1,0.9,600,0.006697228925248546,0.0011027746639071113,0.0013296513605828167,0.1976787343595965,0.0023535789168440003,0.0009449637795749857,0.0015820395107413701,10000,9996,0.9996,0.9989718716646431,0.9998444371633769,0.9999891666666667,0.005420390110674118,0.005615311016580582,0,0.0,0.9996
1201,ard_gaussian_process,"{'dimensions': 20.0, 'length_scale_upper': 10.0}",uq_gauss_shift,global,0.05,0.95,600,0.008955605509789355,0.0011027746639071113,0.0013296513605828167,0.1976787343595965,0.0023535789168440003,0.0009449637795749857,0.0015820395107413701,10000,10000,1.0,0.9996160016293234,1.0,1.0,0.008955605509789355,0.008955605509789355,0,0.0,1.0
1201,ard_gaussian_process,"{'dimensions': 20.0, 'length_scale_upper': 10.0}",uq_gauss_shift,geometry_scaled,0.05,0.95,600,0.008633693993359823,0.0011027746639071113,0.0013296513605828167,0.1976787343595965,0.0023535789168440003,0.0009449637795749857,0.0015820395107413701,10000,10000,1.0,0.9996160016293234,1.0,1.0,0.006987664609128971,0.007238945769335457,0,0.0,1.0
2402,ard_gaussian_process,"{'dimensions': 20.0, 'length_scale_upper': 10.0}",internal_uniform,global,0.1,0.9,600,0.0072567357249321285,0.0017468849950604693,0.0026377204424565463,0.3548106673379012,0.004136266141018864,0.001293482706972829,0.0023646675390919408,200,176,0.88,0.8276574790170326,0.9180200729362449,0.97925,0.0072567357249321285,0.0072567357249321285,7,0.035,0.8963730569948186
2402,ard_gaussian_process,"{'dimensions': 20.0, 'length_scale_upper': 10.0}",internal_uniform,geometry_scaled,0.1,0.9,600,0.007019152151268266,0.0017468849950604693,0.0026377204424565463,0.3548106673379012,0.004136266141018864,0.001293482706972829,0.0023646675390919408,200,175,0.875,0.8219857499741765,0.9138802552428735,0.9788333333333333,0.007051217195430028,0.007610463898551517,7,0.035,0.8911917098445595
2402,ard_gaussian_process,"{'dimensions': 20.0, 'length_scale_upper': 10.0}",internal_uniform,global,0.05,0.95,600,0.009528548428439088,0.0017468849950604693,0.0026377204424565463,0.3548106673379012,0.004136266141018864,0.001293482706972829,0.0023646675390919408,200,187,0.935,0.8919809207009312,0.961623645350847,0.9884166666666667,0.009528548428439088,0.009528548428439088,7,0.035,0.9481865284974094
2402,ard_gaussian_process,"{'dimensions': 20.0, 'length_scale_upper': 10.0}",internal_uniform,geometry_scaled,0.05,0.95,600,0.00947999489960953,0.0017468849950604693,0.0026377204424565463,0.3548106673379012,0.004136266141018864,0.001293482706972829,0.0023646675390919408,200,189,0.945,0.9042130012276914,0.9690146582965411,0.98975,0.009523301619361192,0.010278614480367805,7,0.035,0.9533678756476683
2402,ard_gaussian_process,"{'dimensions': 20.0, 'length_scale_upper': 10.0}",uq_uniform,global,0.1,0.9,600,0.0072567357249321285,0.0016063664876399472,0.002442424189481207,0.3264026315741267,0.003807255935282556,0.001140495347150308,0.002229070952786941,11250,10247,0.9108444444444445,0.9054373896824321,0.9159710186219703,0.9810088888888889,0.0072567357249321285,0.0072567357249321285,577,0.05128888888888889,0.9234517005527968
2402,ard_gaussian_process,"{'dimensions': 20.0, 'length_scale_upper': 10.0}",uq_uniform,geometry_scaled,0.1,0.9,600,0.007019152151268266,0.0016063664876399472,0.002442424189481207,0.3264026315741267,0.003807255935282556,0.001140495347150308,0.002229070952786941,11250,10242,0.9104,0.9049812863366937,0.9155385364978856,0.9816962962962963,0.007025394711527492,0.00761996701561991,577,0.05128888888888889,0.920640869483744
2402,ard_gaussian_process,"{'dimensions': 20.0, 'length_scale_upper': 10.0}",uq_uniform,global,0.05,0.95,600,0.009528548428439088,0.0016063664876399472,0.002442424189481207,0.3264026315741267,0.003807255935282556,0.001140495347150308,0.002229070952786941,11250,10701,0.9512,0.9470624519533634,0.9550295170109696,0.9911755555555556,0.009528548428439088,0.009528548428439088,577,0.05128888888888889,0.9603672819263562
2402,ard_gaussian_process,"{'dimensions': 20.0, 'length_scale_upper': 10.0}",uq_uniform,geometry_scaled,0.05,0.95,600,0.00947999489960953,0.0016063664876399472,0.002442424189481207,0.3264026315741267,0.003807255935282556,0.001140495347150308,0.002229070952786941,11250,10758,0.9562666666666667,0.9523294386426081,0.9598924046777074,0.9924777777777778,0.0094884260374653,0.010291449292806296,577,0.05128888888888889,0.9628033355195352
2402,ard_gaussian_process,"{'dimensions': 20.0, 'length_scale_upper': 10.0}",uq_gauss_shift,global,0.1,0.9,600,0.0072567357249321285,0.0009273505881792517,0.0011445016742860944,0.16926837884360565,0.0021642142614075395,0.0007034080688035931,0.0013816018936961775,10000,10000,1.0,0.9996160016293234,1.0,1.0,0.007256735724932128,0.0072567357249321285,0,0.0,1.0
2402,ard_gaussian_process,"{'dimensions': 20.0, 'length_scale_upper': 10.0}",uq_gauss_shift,geometry_scaled,0.1,0.9,600,0.007019152151268266,0.0009273505881792517,0.0011445016742860944,0.16926837884360565,0.0021642142614075395,0.0007034080688035931,0.0013816018936961775,10000,10000,1.0,0.9996160016293234,1.0,1.0,0.0057434052080426855,0.005930744251095118,0,0.0,1.0
2402,ard_gaussian_process,"{'dimensions': 20.0, 'length_scale_upper': 10.0}",uq_gauss_shift,global,0.05,0.95,600,0.009528548428439088,0.0009273505881792517,0.0011445016742860944,0.16926837884360565,0.0021642142614075395,0.0007034080688035931,0.0013816018936961775,10000,10000,1.0,0.9996160016293234,1.0,1.0,0.009528548428439088,0.009528548428439088,0,0.0,1.0
2402,ard_gaussian_process,"{'dimensions': 20.0, 'length_scale_upper': 10.0}",uq_gauss_shift,geometry_scaled,0.05,0.95,600,0.00947999489960953,0.0009273505881792517,0.0011445016742860944,0.16926837884360565,0.0021642142614075395,0.0007034080688035931,0.0013816018936961775,10000,10000,1.0,0.9996160016293234,1.0,1.0,0.007756984163507205,0.00801000235350525,0,0.0,1.0
3603,ard_gaussian_process,"{'dimensions': 20.0, 'length_scale_upper': 10.0}",internal_uniform,global,0.1,0.9,600,0.007549540602952376,0.001836524731607315,0.0029475794676030076,0.36980037683829065,0.004454929041250631,0.0013723516126970846,0.0025343940919039664,200,176,0.88,0.8276574790170326,0.9180200729362449,0.9734583333333333,0.007549540602952376,0.007549540602952376,6,0.03,0.8917525773195877
3603,ard_gaussian_process,"{'dimensions': 20.0, 'length_scale_upper': 10.0}",internal_uniform,geometry_scaled,0.1,0.9,600,0.007621740522390565,0.001836524731607315,0.0029475794676030076,0.36980037683829065,0.004454929041250631,0.0013723516126970846,0.0025343940919039664,200,178,0.89,0.839073090026985,0.926227555398747,0.9764583333333333,0.00768043224257791,0.008350565452828562,6,0.03,0.9020618556701031
3603,ard_gaussian_process,"{'dimensions': 20.0, 'length_scale_upper': 10.0}",internal_uniform,global,0.05,0.95,600,0.010507346890822888,0.001836524731607315,0.0029475794676030076,0.36980037683829065,0.004454929041250631,0.0013723516126970846,0.0025343940919039664,200,188,0.94,0.8980683070423372,0.9653478057456681,0.9874166666666667,0.010507346890822888,0.010507346890822888,6,0.03,0.9484536082474226
3603,ard_gaussian_process,"{'dimensions': 20.0, 'length_scale_upper': 10.0}",internal_uniform,geometry_scaled,0.05,0.95,600,0.010355586227533783,0.001836524731607315,0.0029475794676030076,0.36980037683829065,0.004454929041250631,0.0013723516126970846,0.0025343940919039664,200,188,0.94,0.8980683070423372,0.9653478057456681,0.9889583333333334,0.01043533010853535,0.011345833716247783,6,0.03,0.9484536082474226
3603,ard_gaussian_process,"{'dimensions': 20.0, 'length_scale_upper': 10.0}",uq_uniform,global,0.1,0.9,600,0.007549540602952376,0.001718919960690466,0.0026117943581961153,0.3472106344544507,0.00400736722164239,0.0012429085955770122,0.0023602849578132678,11250,10171,0.9040888888888889,0.8985087200079369,0.9093931891551557,0.979322962962963,0.007549540602952375,0.007549540602952376,331,0.02942222222222222,0.9127209451414965
3603,ard_gaussian_process,"{'dimensions': 20.0, 'length_scale_upper': 10.0}",uq_uniform,geometry_scaled,0.1,0.9,600,0.007621740522390565,0.001718919960690466,0.0026117943581961153,0.3472106344544507,0.00400736722164239,0.0012429085955770122,0.0023602849578132678,11250,10272,0.9130666666666667,0.9077185023652979,0.9181328332882196,0.9821407407407408,0.00762396223216183,0.008266437180398104,331,0.02942222222222222,0.919498122538694
3603,ard_gaussian_process,"{'dimensions': 20.0, 'length_scale_upper': 10.0}",uq_uniform,global,0.05,0.95,600,0.010507346890822888,0.001718919960690466,0.0026117943581961153,0.3472106344544507,0.00400736722164239,0.0012429085955770122,0.0023602849578132678,11250,10790,0.9591111111111111,0.9552922729143515,0.9626165174128313,0.9918140740740741,0.010507346890822888,0.010507346890822888,331,0.02942222222222222,0.9639161095338401
3603,ard_gaussian_process,"{'dimensions': 20.0, 'length_scale_upper': 10.0}",uq_uniform,geometry_scaled,0.05,0.95,600,0.010355586227533783,0.001718919960690466,0.0026117943581961153,0.3472106344544507,0.00400736722164239,0.0012429085955770122,0.0023602849578132678,11250,10822,0.9619555555555556,0.958259911172274,0.9653358261617759,0.9928674074074074,0.010358604843431464,0.011231529434073953,331,0.02942222222222222,0.9658393625789907
3603,ard_gaussian_process,"{'dimensions': 20.0, 'length_scale_upper': 10.0}",uq_gauss_shift,global,0.1,0.9,600,0.007549540602952376,0.0009718497825520747,0.0011771186841306026,0.1750109261582047,0.0021190740753025865,0.000790604318802508,0.0015274760547212384,10000,10000,1.0,0.9996160016293234,1.0,1.0,0.007549540602952377,0.007549540602952376,0,0.0,1.0
3603,ard_gaussian_process,"{'dimensions': 20.0, 'length_scale_upper': 10.0}",uq_gauss_shift,geometry_scaled,0.1,0.9,600,0.007621740522390565,0.0009718497825520747,0.0011771186841306026,0.1750109261582047,0.0021190740753025865,0.000790604318802508,0.0015274760547212384,10000,9998,0.9998,0.9992710041559925,0.9999451510726791,0.9999933333333333,0.006213713680230134,0.006430045431836456,0,0.0,0.9998
3603,ard_gaussian_process,"{'dimensions': 20.0, 'length_scale_upper': 10.0}",uq_gauss_shift,global,0.05,0.95,600,0.010507346890822888,0.0009718497825520747,0.0011771186841306026,0.1750109261582047,0.0021190740753025865,0.000790604318802508,0.0015274760547212384,10000,10000,1.0,0.9996160016293234,1.0,1.0,0.010507346890822887,0.010507346890822888,0,0.0,1.0
3603,ard_gaussian_process,"{'dimensions': 20.0, 'length_scale_upper': 10.0}",uq_gauss_shift,geometry_scaled,0.05,0.95,600,0.010355586227533783,0.0009718497825520747,0.0011771186841306026,0.1750109261582047,0.0021190740753025865,0.000790604318802508,0.0015274760547212384,10000,10000,1.0,0.9996160016293234,1.0,1.0,0.008442513572824578,0.008736441462514797,0,0.0,1.0
4804,ard_gaussian_process,"{'dimensions': 20.0, 'length_scale_upper': 10.0}",internal_uniform,global,0.1,0.9,600,0.006446419499742728,0.0017969729037155136,0.003265663673601883,0.3682525431254623,0.004217725546329299,0.0013326674454003306,0.0022061531784284276,200,175,0.875,0.8219857499741765,0.9138802552428735,0.9680833333333333,0.006446419499742728,0.006446419499742728,10,0.05,0.8947368421052632
4804,ard_gaussian_process,"{'dimensions': 20.0, 'length_scale_upper': 10.0}",internal_uniform,geometry_scaled,0.1,0.9,600,0.006590845784610159,0.0017969729037155136,0.003265663673601883,0.3682525431254623,0.004217725546329299,0.0013326674454003306,0.0022061531784284276,200,175,0.875,0.8219857499741765,0.9138802552428735,0.9700833333333333,0.0066500463525205646,0.007226179060338889,10,0.05,0.8947368421052632
4804,ard_gaussian_process,"{'dimensions': 20.0, 'length_scale_upper': 10.0}",internal_uniform,global,0.05,0.95,600,0.008493178816888158,0.0017969729037155136,0.003265663673601883,0.3682525431254623,0.004217725546329299,0.0013326674454003306,0.0022061531784284276,200,186,0.93,0.8859451911438936,0.9578478281716571,0.9806666666666667,0.008493178816888158,0.008493178816888158,10,0.05,0.9526315789473684
4804,ard_gaussian_process,"{'dimensions': 20.0, 'length_scale_upper': 10.0}",internal_uniform,geometry_scaled,0.05,0.95,600,0.008074967038747306,0.0017969729037155136,0.003265663673601883,0.3682525431254623,0.004217725546329299,0.0013326674454003306,0.0022061531784284276,200,185,0.925,0.8799563897637055,0.954025082815618,0.9799166666666667,0.008147498342038895,0.008853364140999078,10,0.05,0.9473684210526315
4804,ard_gaussian_process,"{'dimensions': 20.0, 'length_scale_upper': 10.0}",uq_uniform,global,0.1,0.9,600,0.006446419499742728,0.0016672364493244727,0.0025361820105863978,0.33957673027884366,0.003887978537800763,0.0012169372359373013,0.0021554177319949045,11250,9899,0.8799111111111111,0.8737742624650315,0.8857885971396884,0.9729051851851852,0.006446419499742728,0.006446419499742728,626,0.05564444444444445,0.8962725903614458
4804,ard_gaussian_process,"{'dimensions': 20.0, 'length_scale_upper': 10.0}",uq_uniform,geometry_scaled,0.1,0.9,600,0.006590845784610159,0.0016672364493244727,0.0025361820105863978,0.33957673027884366,0.003887978537800763,0.0012169372359373013,0.0021554177319949045,11250,10038,0.8922666666666667,0.8864029779606367,0.8978625577051632,0.9769459259259259,0.006599983346751732,0.0071577488940018355,626,0.05564444444444445,0.9044615963855421
4804,ard_gaussian_process,"{'dimensions': 20.0, 'length_scale_upper': 10.0}",uq_uniform,global,0.05,0.95,600,0.008493178816888158,0.0016672364493244727,0.0025361820105863978,0.33957673027884366,0.003887978537800763,0.0012169372359373013,0.0021554177319949045,11250,10528,0.9358222222222222,0.9311432180441414,0.9402036936643149,0.9869022222222222,0.008493178816888158,0.008493178816888158,626,0.05564444444444445,0.9465361445783133
4804,ard_gaussian_process,"{'dimensions': 20.0, 'length_scale_upper': 10.0}",uq_uniform,geometry_scaled,0.05,0.95,600,0.008074967038747306,0.0016672364493244727,0.0025361820105863978,0.33957673027884366,0.003887978537800763,0.0012169372359373013,0.0021554177319949045,11250,10494,0.9328,0.9280242158853228,0.9372803146283369,0.9867348148148148,0.008086162189645845,0.008769524925868605,626,0.05564444444444445,0.9416415662650602
4804,ard_gaussian_process,"{'dimensions': 20.0, 'length_scale_upper': 10.0}",uq_gauss_shift,global,0.1,0.9,600,0.006446419499742728,0.0011016609937875299,0.0013288253707500518,0.19811065696952881,0.0022762041962867538,0.0008978864621044767,0.0018192488194798465,10000,9999,0.9999,0.9994337311025987,0.9999823473263989,0.9999891666666667,0.006446419499742728,0.006446419499742728,0,0.0,0.9999
4804,ard_gaussian_process,"{'dimensions': 20.0, 'length_scale_upper': 10.0}",uq_gauss_shift,geometry_scaled,0.1,0.9,600,0.006590845784610159,0.0011016609937875299,0.0013288253707500518,0.19811065696952881,0.0022762041962867538,0.0008978864621044767,0.0018192488194798465,10000,9995,0.9995,0.998829974053858,0.9997864115738362,0.9999641666666667,0.005379425761725845,0.005567061594483895,0,0.0,0.9995
4804,ard_gaussian_process,"{'dimensions': 20.0, 'length_scale_upper': 10.0}",uq_gauss_shift,global,0.05,0.95,600,0.008493178816888158,0.0011016609937875299,0.0013288253707500518,0.19811065696952881,0.0022762041962867538,0.0008978864621044767,0.0018192488194798465,10000,10000,1.0,0.9996160016293234,1.0,1.0,0.008493178816888158,0.008493178816888158,0,0.0,1.0
4804,ard_gaussian_process,"{'dimensions': 20.0, 'length_scale_upper': 10.0}",uq_gauss_shift,geometry_scaled,0.05,0.95,600,0.008074967038747306,0.0011016609937875299,0.0013288253707500518,0.19811065696952881,0.0022762041962867538,0.0008978864621044767,0.0018192488194798465,10000,9999,0.9999,0.9994337311025987,0.9999823473263989,0.9999875,0.0065907604475824765,0.0068206479634377384,0,0.0,0.9999
