seed,model,distribution,fit_and_select_seconds,prediction_seconds,designs
20260821,ard_gaussian_process,internal_uniform,41.56052429997362,0.00604339997516945,200
20260821,ard_gaussian_process,uq_uniform,41.56052429997362,0.30638900003395975,11250
20260821,ard_gaussian_process,uq_gauss_shift,41.56052429997362,0.2638629999710247,10000
1201,ard_gaussian_process,internal_uniform,52.09357490000548,0.008583099988754839,200
1201,ard_gaussian_process,uq_uniform,52.09357490000548,0.3135290999780409,11250
1201,ard_gaussian_process,uq_gauss_shift,52.09357490000548,0.26325189997442067,10000
2402,ard_gaussian_process,internal_uniform,52.82903359999182,0.006288299977313727,200
2402,ard_gaussian_process,uq_uniform,52.82903359999182,0.3170898000244051,11250
2402,ard_gaussian_process,uq_gauss_shift,52.82903359999182,0.27283200004603714,10000
3603,ard_gaussian_process,internal_uniform,50.403746699972544,0.007254799944348633,200
3603,ard_gaussian_process,uq_uniform,50.403746699972544,0.3208379000425339,11250
3603,ard_gaussian_process,uq_gauss_shift,50.403746699972544,0.26954599999589846,10000
4804,ard_gaussian_process,internal_uniform,56.626918599999044,0.006290299992542714,200
4804,ard_gaussian_process,uq_uniform,56.626918599999044,0.3041092000203207,11250
4804,ard_gaussian_process,uq_gauss_shift,56.626918599999044,0.2677118999999948,10000
