profile_id,n_rows,rmse_pm,rmse_stator_yoke,rmse_stator_tooth,rmse_stator_winding,rmse_macro
32,1048,11.519877725354462,8.760421685979363,13.786376642128813,18.866001868929033,13.233169480597917
19,521,13.045805348824064,8.44401883960453,11.312682983637487,17.510874728568318,12.5783454751586
63,834,8.62288435695694,8.325089157909183,11.527085057786516,14.960952223043941,10.859002698924144
79,1558,10.010401961053464,7.956834446447387,10.925750817606634,13.89526043189197,10.697061914249865
80,1192,11.554406719104849,6.878620114038572,9.647039533730291,13.179769781973269,10.314959037211747
24,751,17.417625846934715,4.6106075113725735,8.333221171518776,10.464858623995282,10.206578288455336
30,1194,10.557835066277315,6.456754538737324,9.632254676255908,13.545344218065642,10.048047124834047
61,726,7.201478629577928,6.190686156901246,8.890418525598987,13.259983325373474,8.885641659362909
4,1672,11.369710908380211,5.094441565588502,7.358448415254777,11.126786863251292,8.737346938118696
81,884,8.839786508104211,6.33920531466706,8.580901563769183,9.865248439857718,8.406285456599543
21,867,7.306861252452416,4.580149441053514,6.8574821552355445,12.10988217617429,7.71359375622894
26,834,5.686599723052739,5.619390536870012,7.610592529208303,11.495290800888242,7.602968397504824
18,1887,6.510762248632764,5.2316820582435275,3.833289687741984,14.752481267524855,7.582053815535783
5,740,14.975381320123052,3.018394761630907,3.9979169199522775,5.114845930367072,6.776634733018327
