profile_id,split,n_rows
4,test,1672
5,test,740
18,test,1887
19,test,521
21,test,867
24,test,751
26,test,834
30,test,1194
32,test,1048
61,test,726
63,test,834
79,test,1558
80,test,1192
81,test,884
3,train,963
6,train,2020
7,train,733
8,train,938
9,train,1017
11,train,395
12,train,1098
13,train,1796
14,train,930
15,train,907
16,train,1033
17,train,799
20,train,2199
23,train,593
27,train,1769
29,train,1068
31,train,780
41,train,835
42,train,846
43,train,423
44,train,1318
46,train,109
47,train,109
48,train,1100
49,train,541
50,train,541
51,train,314
52,train,187
54,train,541
56,train,1657
57,train,721
59,train,374
60,train,728
62,train,1280
65,train,2005
66,train,1824
67,train,557
69,train,768
70,train,1284
72,train,766
73,train,840
75,train,674
76,train,1110
78,train,423
2,validation,968
10,validation,763
36,validation,1131
45,validation,858
53,validation,1623
55,validation,541
58,validation,1670
64,validation,313
68,validation,1167
71,validation,733
74,validation,1189
