fold_index,test_load_nm,load_nm,role
0,0.0,0.0,test
0,0.0,5.0,fit
0,0.0,10.0,calibration
0,0.0,15.0,fit
0,0.0,20.0,calibration
0,0.0,25.0,fit
0,0.0,30.0,calibration
0,0.0,35.0,fit
1,5.0,0.0,fit
1,5.0,5.0,test
1,5.0,10.0,fit
1,5.0,15.0,calibration
1,5.0,20.0,fit
1,5.0,25.0,calibration
1,5.0,30.0,calibration
1,5.0,35.0,fit
2,10.0,0.0,fit
2,10.0,5.0,fit
2,10.0,10.0,test
2,10.0,15.0,fit
2,10.0,20.0,calibration
2,10.0,25.0,calibration
2,10.0,30.0,calibration
2,10.0,35.0,fit
3,15.0,0.0,fit
3,15.0,5.0,calibration
3,15.0,10.0,fit
3,15.0,15.0,test
3,15.0,20.0,fit
3,15.0,25.0,calibration
3,15.0,30.0,calibration
3,15.0,35.0,fit
4,20.0,0.0,fit
4,20.0,5.0,calibration
4,20.0,10.0,calibration
4,20.0,15.0,fit
4,20.0,20.0,test
4,20.0,25.0,fit
4,20.0,30.0,calibration
4,20.0,35.0,fit
5,25.0,0.0,fit
5,25.0,5.0,calibration
5,25.0,10.0,calibration
5,25.0,15.0,calibration
5,25.0,20.0,fit
5,25.0,25.0,test
5,25.0,30.0,fit
5,25.0,35.0,fit
6,30.0,0.0,fit
6,30.0,5.0,calibration
6,30.0,10.0,calibration
6,30.0,15.0,fit
6,30.0,20.0,calibration
6,30.0,25.0,fit
6,30.0,30.0,test
6,30.0,35.0,fit
7,35.0,0.0,fit
7,35.0,5.0,calibration
7,35.0,10.0,fit
7,35.0,15.0,calibration
7,35.0,20.0,fit
7,35.0,25.0,calibration
7,35.0,30.0,fit
7,35.0,35.0,test
