method,test_load_nm,threshold,health_blocks,health_alarms,health_actionable_alarms,health_abstentions,health_block_raw_far,health_block_actionable_far,health_block_abstention,fault_blocks,fault_supported_blocks,fault_raw_detection,fault_actionable_detection,fault_supported_detection,fault_abstention,record_macro_raw_detection,record_macro_actionable_detection,record_any_actionable_detection,auroc,auprc
unconditioned_residual,0.0,62.19419200860341,8,8,0,8,1.0,0.0,1.0,48,0,1.0,0.0,,1.0,1.0,0.0,0.0,0.015625,0.687341086372107
linear_residual,0.0,87.79842608132846,8,8,0,8,1.0,0.0,1.0,48,0,1.0,0.0,,1.0,1.0,0.0,0.0,0.234375,0.7661795827829831
quadratic_residual,0.0,97.24115655784871,8,8,0,8,1.0,0.0,1.0,48,0,1.0,0.0,,1.0,1.0,0.0,0.0,0.109375,0.7159715170634013
spline_residual,0.0,81.93384996565277,8,8,0,8,1.0,0.0,1.0,48,0,1.0,0.0,,1.0,1.0,0.0,0.0,0.1484375,0.7273393248566478
spline_local_scale,0.0,173.90924284118276,8,8,0,8,1.0,0.0,1.0,48,0,1.0,0.0,,1.0,1.0,0.0,0.0,0.11979166666666666,0.7329878316634041
isolation_forest,0.0,0.5815392078625062,8,8,0,8,1.0,0.0,1.0,48,0,1.0,0.0,,1.0,1.0,0.0,0.0,0.0546875,0.7023092554579231
min_cov_det,0.0,478266.4502415819,8,8,0,8,1.0,0.0,1.0,48,0,0.7708333333333334,0.0,,1.0,0.7708333333333334,0.0,0.0,0.013020833333333332,0.6865970387530594
unconditioned_residual,5.0,40.32099453704743,8,0,0,0,0.0,0.0,0.0,48,48,0.4791666666666667,0.4791666666666667,0.4791666666666667,0.0,0.4791666666666667,0.4791666666666667,1.0,0.9427083333333334,0.9877552378108887
linear_residual,5.0,50.70479982357014,8,0,0,0,0.0,0.0,0.0,48,48,0.9375,0.9375,0.9375,0.0,0.9375,0.9375,1.0,0.9921875,0.9986975397428475
quadratic_residual,5.0,48.06088527696723,8,0,0,0,0.0,0.0,0.0,48,48,0.9583333333333334,0.9583333333333334,0.9583333333333334,0.0,0.9583333333333334,0.9583333333333334,1.0,0.9973958333333334,0.9995748299319727
spline_residual,5.0,47.28431872625241,8,0,0,0,0.0,0.0,0.0,48,48,0.9375,0.9375,0.9375,0.0,0.9375,0.9375,1.0,0.9973958333333334,0.9995748299319727
spline_local_scale,5.0,77.43055128987774,8,0,0,0,0.0,0.0,0.0,48,48,1.0,1.0,1.0,0.0,1.0,1.0,1.0,1.0,1.0
isolation_forest,5.0,0.47295439898201974,8,1,1,0,0.125,0.125,0.0,48,48,1.0,1.0,1.0,0.0,1.0,1.0,1.0,0.9869791666666666,0.99778167822916
min_cov_det,5.0,311779.14390721865,8,0,0,0,0.0,0.0,0.0,48,48,0.10416666666666667,0.10416666666666667,0.10416666666666667,0.0,0.10416666666666667,0.10416666666666667,0.3333333333333333,0.8697916666666667,0.9634644933965533
unconditioned_residual,10.0,45.81045858237614,8,0,0,0,0.0,0.0,0.0,48,48,0.6875,0.6875,0.6875,0.0,0.6875,0.6875,1.0,0.9635416666666666,0.9930745016809883
linear_residual,10.0,51.172455939363175,8,1,1,0,0.125,0.125,0.0,48,48,0.8958333333333334,0.8958333333333334,0.8958333333333334,0.0,0.8958333333333334,0.8958333333333334,1.0,0.9869791666666666,0.99778167822916
quadratic_residual,10.0,48.15296684167684,8,1,1,0,0.125,0.125,0.0,48,48,0.8541666666666666,0.8541666666666666,0.8541666666666666,0.0,0.8541666666666666,0.8541666666666666,1.0,0.9817708333333334,0.9968236972566441
spline_residual,10.0,47.5294110531931,8,1,1,0,0.125,0.125,0.0,48,48,0.8958333333333334,0.8958333333333334,0.8958333333333334,0.0,0.8958333333333334,0.8958333333333334,1.0,0.9869791666666666,0.99778167822916
spline_local_scale,10.0,22.401630922966557,8,8,8,0,1.0,1.0,0.0,48,48,1.0,1.0,1.0,0.0,1.0,1.0,1.0,0.9947916666666666,0.999140802154195
isolation_forest,10.0,0.473576130573777,8,0,0,0,0.0,0.0,0.0,48,48,0.8541666666666666,0.8541666666666666,0.8541666666666666,0.0,0.8541666666666666,0.8541666666666666,1.0,0.984375,0.9973081933806751
min_cov_det,10.0,73103.95287606509,8,0,0,0,0.0,0.0,0.0,48,48,0.1875,0.1875,0.1875,0.0,0.1875,0.1875,0.5,0.9010416666666666,0.973174835153728
unconditioned_residual,15.0,40.32099453704743,8,0,0,0,0.0,0.0,0.0,48,48,0.25,0.25,0.25,0.0,0.25,0.25,0.8333333333333334,0.9088541666666667,0.9762906005201584
linear_residual,15.0,50.70479982357014,8,0,0,0,0.0,0.0,0.0,48,48,0.8333333333333334,0.8333333333333334,0.8333333333333334,0.0,0.8333333333333334,0.8333333333333334,1.0,0.9817708333333334,0.9968236972566441
quadratic_residual,15.0,48.06088527696723,8,0,0,0,0.0,0.0,0.0,48,48,0.875,0.875,0.875,0.0,0.875,0.875,1.0,0.984375,0.9973081933806751
spline_residual,15.0,47.28431872625241,8,0,0,0,0.0,0.0,0.0,48,48,0.875,0.875,0.875,0.0,0.875,0.875,1.0,0.984375,0.9973081933806751
spline_local_scale,15.0,58.43330658559447,8,1,1,0,0.125,0.125,0.0,48,48,0.9375,0.9375,0.9375,0.0,0.9375,0.9375,1.0,0.984375,0.9973081933806751
isolation_forest,15.0,0.5030672701179747,8,0,0,0,0.0,0.0,0.0,48,48,0.6458333333333334,0.6458333333333334,0.6458333333333334,0.0,0.6458333333333334,0.6458333333333334,1.0,0.9869791666666666,0.99778167822916
min_cov_det,15.0,311779.14390721865,8,0,0,0,0.0,0.0,0.0,48,48,0.020833333333333332,0.020833333333333332,0.020833333333333332,0.0,0.020833333333333332,0.020833333333333332,0.16666666666666666,0.8229166666666666,0.9270359558239354
unconditioned_residual,20.0,34.948581109475505,8,0,0,0,0.0,0.0,0.0,48,48,0.10416666666666667,0.10416666666666667,0.10416666666666667,0.0,0.10416666666666667,0.10416666666666667,0.5,0.8932291666666666,0.9696920189503235
linear_residual,20.0,53.72657097398094,8,0,0,0,0.0,0.0,0.0,48,48,0.6666666666666666,0.6666666666666666,0.6666666666666666,0.0,0.6666666666666666,0.6666666666666666,1.0,0.9739583333333334,0.9952987020959783
quadratic_residual,20.0,48.000482232059134,8,0,0,0,0.0,0.0,0.0,48,48,0.7916666666666666,0.7916666666666666,0.7916666666666666,0.0,0.7916666666666666,0.7916666666666666,1.0,0.9869791666666666,0.99778167822916
spline_residual,20.0,48.290178661996194,8,0,0,0,0.0,0.0,0.0,48,48,0.8333333333333334,0.8333333333333334,0.8333333333333334,0.0,0.8333333333333334,0.8333333333333334,1.0,0.9869791666666666,0.99778167822916
spline_local_scale,20.0,34.06205340885362,8,1,1,0,0.125,0.125,0.0,48,48,1.0,1.0,1.0,0.0,1.0,1.0,1.0,0.9869791666666666,0.99778167822916
isolation_forest,20.0,0.5090813629633886,8,0,0,0,0.0,0.0,0.0,48,48,0.6041666666666666,0.6041666666666666,0.6041666666666666,0.0,0.6041666666666666,0.6041666666666666,1.0,0.984375,0.9973081933806751
min_cov_det,20.0,523190.7149070535,8,0,0,0,0.0,0.0,0.0,48,48,0.020833333333333332,0.020833333333333332,0.020833333333333332,0.0,0.020833333333333332,0.020833333333333332,0.16666666666666666,0.8385416666666666,0.9504743110510838
unconditioned_residual,25.0,31.5861519698092,8,0,0,0,0.0,0.0,0.0,48,48,0.10416666666666667,0.10416666666666667,0.10416666666666667,0.0,0.10416666666666667,0.10416666666666667,0.6666666666666666,0.8854166666666667,0.9670794474287558
linear_residual,25.0,53.60838480779458,8,0,0,0,0.0,0.0,0.0,48,48,0.6666666666666666,0.6666666666666666,0.6666666666666666,0.0,0.6666666666666666,0.6666666666666666,1.0,0.9713541666666666,0.9948905388306719
quadratic_residual,25.0,42.72018130488228,8,0,0,0,0.0,0.0,0.0,48,48,0.7291666666666666,0.7291666666666666,0.7291666666666666,0.0,0.7291666666666666,0.7291666666666666,1.0,0.9817708333333334,0.9968236972566441
spline_residual,25.0,49.628010333557334,8,0,0,0,0.0,0.0,0.0,48,48,0.6875,0.6875,0.6875,0.0,0.6875,0.6875,1.0,0.9765625,0.9959195022453062
spline_local_scale,25.0,50.68799419328029,8,0,0,0,0.0,0.0,0.0,48,48,0.9583333333333334,0.9583333333333334,0.9583333333333334,0.0,0.9583333333333334,0.9583333333333334,1.0,1.0,1.0
isolation_forest,25.0,0.52921420084664,8,0,0,0,0.0,0.0,0.0,48,48,0.3958333333333333,0.3958333333333333,0.3958333333333333,0.0,0.3958333333333333,0.3958333333333333,0.8333333333333334,0.9791666666666666,0.9963276655106124
min_cov_det,25.0,654666.0578969012,8,0,0,0,0.0,0.0,0.0,48,48,0.0625,0.0625,0.0625,0.0,0.0625,0.0625,0.5,0.8359375,0.9498038129667925
unconditioned_residual,30.0,33.77775134301667,8,1,1,0,0.125,0.125,0.0,48,48,0.08333333333333333,0.08333333333333333,0.08333333333333333,0.0,0.08333333333333333,0.08333333333333333,0.3333333333333333,0.8645833333333334,0.9471684539909766
linear_residual,30.0,53.72657097398094,8,0,0,0,0.0,0.0,0.0,48,48,0.5833333333333334,0.5833333333333334,0.5833333333333334,0.0,0.5833333333333334,0.5833333333333334,1.0,0.9479166666666666,0.9895039574136724
quadratic_residual,30.0,48.000482232059134,8,0,0,0,0.0,0.0,0.0,48,48,0.6666666666666666,0.6666666666666666,0.6666666666666666,0.0,0.6666666666666666,0.6666666666666666,1.0,0.9583333333333334,0.991866518487711
spline_residual,30.0,48.290178661996194,8,0,0,0,0.0,0.0,0.0,48,48,0.7083333333333334,0.7083333333333334,0.7083333333333334,0.0,0.7083333333333334,0.7083333333333334,1.0,0.96875,0.9942162684477551
spline_local_scale,30.0,66.19455400034042,8,0,0,0,0.0,0.0,0.0,48,48,0.7291666666666666,0.7291666666666666,0.7291666666666666,0.0,0.7291666666666666,0.7291666666666666,1.0,0.984375,0.9973081933806751
isolation_forest,30.0,0.5158712448537369,8,0,0,0,0.0,0.0,0.0,48,48,0.4583333333333333,0.4583333333333333,0.4583333333333333,0.0,0.4583333333333333,0.4583333333333333,0.8333333333333334,0.9609375,0.9924792635857502
min_cov_det,30.0,508105.3154633813,8,1,1,0,0.125,0.125,0.0,48,48,0.0625,0.0625,0.0625,0.0,0.0625,0.0625,0.5,0.8151041666666666,0.9248848037087027
unconditioned_residual,35.0,39.17051805977836,8,1,0,8,0.125,0.0,1.0,48,0,0.16666666666666666,0.0,,1.0,0.16666666666666666,0.0,0.0,0.875,0.9582263674945423
linear_residual,35.0,49.2724652099811,8,1,0,8,0.125,0.0,1.0,48,0,0.6458333333333334,0.0,,1.0,0.6458333333333334,0.0,0.0,0.9479166666666666,0.9895039574136724
quadratic_residual,35.0,45.060917829281195,8,1,0,8,0.125,0.0,1.0,48,0,0.7083333333333334,0.0,,1.0,0.7083333333333334,0.0,0.0,0.9583333333333334,0.991866518487711
spline_residual,35.0,44.81973225707068,8,1,0,8,0.125,0.0,1.0,48,0,0.7291666666666666,0.0,,1.0,0.7291666666666666,0.0,0.0,0.9609375,0.9924792635857502
spline_local_scale,35.0,73.79576675195683,8,0,0,8,0.0,0.0,1.0,48,0,0.75,0.0,,1.0,0.75,0.0,0.0,0.9869791666666666,0.99778167822916
isolation_forest,35.0,0.5045510254490273,8,0,0,8,0.0,0.0,1.0,48,0,0.3958333333333333,0.0,,1.0,0.3958333333333333,0.0,0.0,0.953125,0.9905841636897312
min_cov_det,35.0,474691.8707535633,8,1,0,8,0.125,0.0,1.0,48,0,0.0625,0.0,,1.0,0.0625,0.0,0.0,0.796875,0.9093610204267674
