dataset,parameter,minimum,maximum,mean,standard_deviation
train_test,LSLIT1,0.00608015,0.006719948,0.006383556911999999,0.00018560667443604732
train_test,LSLIT2,0.004085052,0.004514812,0.004298983481,0.00012394808291836225
train_test,DSLIT5,0.000950115,0.001049893,0.000999923894,2.944824935548488e-05
train_test,DSLIT6,0.001900009,0.002099966,0.0019993731235,5.817936602798244e-05
train_test,MA,0.142613937,0.157499686,0.152089170468,0.003884807329083867
train_test,MT1,0.003800529,0.004199924,0.0040065278805,0.00011243483216748484
train_test,MW1,0.020900174,0.023097978,0.0217384960545,0.0005763021381307201
train_test,RA1,0.136801967,0.151188642,0.14413521607000002,0.004231032030146891
train_test,RA2,0.157701611,0.174286383,0.1663423356965,0.004830241100401185
train_test,RS,0.000950012,0.001049987,0.0010011862495,2.8959649514993535e-05
train_test,RW2,0.000950014,0.001049888,0.0009988679265,2.840267585675705e-05
train_test,RW3,0.000950057,0.001049972,0.0009989805170000001,2.8994467894996247e-05
train_test,RW4,0.000950001,0.001049937,0.0009999023180000002,2.899962336970376e-05
train_test,RW5,0.000950043,0.001049987,0.000999121728,2.8556726080263956e-05
train_test,WMAG,0.003800258,0.004199699,0.003998437688,0.00011503892083028055
train_test,DMAG,0.028500859,0.031452979,0.0295131409245,0.0007234453916988571
train_test,ST,0.001520002,0.001679973,0.0016024256740000001,4.658851404773834e-05
train_test,SW1,0.005700169,0.006299378,0.005994173367,0.0001735369681359226
train_test,SW2,0.00342012,0.003779907,0.0036006886480000003,0.00010513661294141776
train_test,SW4,0.024225247,0.026770892,0.0255243695415,0.0007257313463970761
uq_uniform,LSLIT1,0.006080136,0.006719999,0.0063833106959111105,0.00018299818181788106
uq_uniform,LSLIT2,0.00408501,0.004514902,0.0042940856285333335,0.00012264842201771664
uq_uniform,DSLIT5,0.000950006,0.001049999,0.0009999444512888889,2.8884707576736247e-05
uq_uniform,DSLIT6,0.001900019,0.002099995,0.0020002600752,5.803313874563514e-05
uq_uniform,MA,0.142505972,0.157499838,0.15209752840506666,0.003835205046375346
uq_uniform,MT1,0.00380004,0.004199973,0.004003831342044445,0.00011498587806694665
uq_uniform,MW1,0.020900006,0.023099779,0.021748632633155556,0.0005771045483903371
uq_uniform,RA1,0.136800417,0.151199901,0.14403808700524443,0.0041899245721599455
uq_uniform,RA2,0.15770007,0.174299084,0.16618582623324446,0.004748158257566362
uq_uniform,RS,0.000950014,0.001049989,0.0009999057376888889,2.9058113871761194e-05
uq_uniform,RW2,0.000950005,0.001049999,0.0009994982212444443,2.8896784783017135e-05
uq_uniform,RW3,0.00095001,0.001049985,0.000999659566311111,2.889507066297126e-05
uq_uniform,RW4,0.000950005,0.001049996,0.000999792599111111,2.8920318451406864e-05
uq_uniform,RW5,0.000950002,0.001049991,0.0009997921915555555,2.8648778083687017e-05
uq_uniform,WMAG,0.003800014,0.004199979,0.00399267412391111,0.0001141178402639275
uq_uniform,DMAG,0.028500004,0.03149914,0.029516059362577774,0.0007254926387909756
uq_uniform,ST,0.001520054,0.001679987,0.0016006421615111113,4.5989010360564745e-05
uq_uniform,SW1,0.005700201,0.006299815,0.005999647016977777,0.00017370765089778993
uq_uniform,SW2,0.003420014,0.003779999,0.0035998272359111113,0.00010358324588665884
uq_uniform,SW4,0.024225115,0.026774609,0.02550201369706667,0.0007363685406813449
uq_gauss,LSLIT1,0.006150796,0.006649289,0.0063929224615,6.257062662364766e-05
uq_gauss,LSLIT2,0.004148569,0.004461921,0.004299843160500001,4.263680473901128e-05
uq_gauss,DSLIT5,0.000964779,0.00103843,0.0009998775903,1.0141825012033257e-05
uq_gauss,DSLIT6,0.001923296,0.002084847,0.0020002230145,1.9888656754241563e-05
uq_gauss,MA,0.14591498,0.156040369,0.1506980749857,0.0013282529824093382
uq_gauss,MT1,0.003853396,0.004149972,0.0040016886453,4.092509129505808e-05
uq_gauss,MW1,0.021078128,0.022744766,0.021913765111999998,0.0002034032426934858
uq_gauss,RA1,0.138729134,0.14959458,0.14400086351230001,0.0014587579137537365
uq_gauss,RA2,0.159998326,0.172543933,0.1660439189002,0.0016438222272944125
uq_gauss,RS,0.000965571,0.001035861,0.0009999324796,1.0022024298029158e-05
uq_gauss,RW2,0.000964953,0.001036225,0.000999927111,9.957929269191063e-06
uq_gauss,RW3,0.000963911,0.001033344,0.0009996107925,9.946403505906745e-06
uq_gauss,RW4,0.000961408,0.001035975,0.0009999438938,1.0072644278331153e-05
uq_gauss,RW5,0.000965291,0.001035593,0.0009999495976,9.93921717825332e-06
uq_gauss,WMAG,0.003835777,0.004170969,0.003996474057800001,3.9522746840132935e-05
uq_gauss,DMAG,0.028720781,0.030874532,0.029844350139200004,0.00025809280430455863
uq_gauss,ST,0.001540967,0.001666963,0.0015997905640999998,1.602807258632723e-05
uq_gauss,SW1,0.005756096,0.00621054,0.0060006023238,5.956062620673634e-05
uq_gauss,SW2,0.003463072,0.003732073,0.0035998898084000004,3.6117876941364706e-05
uq_gauss,SW4,0.024248755,0.026433607,0.0255010617399,0.00025585390713674854
