record_id,fault_family,speed_rpm,torque_setting_code,terminal_a,terminal_b,fault_span_percent,pre_max_score,pre_session_false_alarm,fault_max_score,fault_record_detection,first_alarm_window,command_to_alarm_s
fault_turns_d01_d04_r026_s1200_t52,turns,1200,52,D01,D04,12.04,75.20597723829053,True,623.5357730573119,True,0.0,0.2
fault_turns_d01_d04_r026_s1200_t64,turns,1200,64,D01,D04,12.04,122.9212889419392,True,593.7512873978429,True,0.0,0.2
fault_turns_d01_d04_r026_s1200_t80,turns,1200,80,D01,D04,12.04,10.889886987392302,False,297.7959325954381,True,0.0,0.2
fault_turns_d01_d04_r026_s1500_t52,turns,1500,52,D01,D04,12.04,23.714063640339166,False,1091.112560202099,True,0.0,0.2
fault_turns_d01_d04_r026_s1500_t64,turns,1500,64,D01,D04,12.04,26.881042859285937,False,908.4457750174375,True,0.0,0.2
fault_turns_d01_d04_r026_s1500_t80,turns,1500,80,D01,D04,12.04,13.582593577180747,False,354.88960424623787,True,0.0,0.2
fault_turns_d01_d04_r026_s1800_t52,turns,1800,52,D01,D04,12.04,60.65077470294844,True,873.2366974187655,True,0.0,0.2
fault_turns_d01_d04_r026_s1800_t64,turns,1800,64,D01,D04,12.04,35.18526443818913,False,706.4899048513157,True,0.0,0.2
fault_turns_d01_d04_r026_s1800_t80,turns,1800,80,D01,D04,12.04,8.824541313867826,False,475.243158734929,True,0.0,0.2
fault_turns_d02_d03_r026_s1200_t52,turns,1200,52,D02,D03,7.689999999999999,28.502394743460208,False,117.47559813470653,True,0.0,0.2
fault_turns_d02_d03_r026_s1200_t64,turns,1200,64,D02,D03,7.689999999999999,23.53769481276006,False,59.21336927614071,False,,
fault_turns_d02_d03_r026_s1200_t80,turns,1200,80,D02,D03,7.689999999999999,16.118379959951035,False,70.15838889266664,True,1.0,0.4
fault_turns_d02_d03_r026_s1500_t52,turns,1500,52,D02,D03,7.689999999999999,13.435228923687365,False,48.68439114617535,False,,
fault_turns_d02_d03_r026_s1500_t64,turns,1500,64,D02,D03,7.689999999999999,12.533381754310994,False,47.11730397436713,False,,
fault_turns_d02_d03_r026_s1500_t80,turns,1500,80,D02,D03,7.689999999999999,14.998554803318351,False,42.22949684216751,False,,
fault_turns_d02_d03_r026_s1800_t52,turns,1800,52,D02,D03,7.689999999999999,48.48210567379711,False,226.37341436747164,True,0.0,0.2
fault_turns_d02_d03_r026_s1800_t64,turns,1800,64,D02,D03,7.689999999999999,38.201185000641196,False,101.73407847619627,True,1.0,0.4
fault_turns_d02_d03_r026_s1800_t80,turns,1800,80,D02,D03,7.689999999999999,11.728032435085517,False,40.307923458445835,False,,
fault_turns_d05_d08_r026_s1200_t52,turns,1200,52,D05,D08,12.1,55.05713890322646,False,725.789640714167,True,0.0,0.2
fault_turns_d05_d08_r026_s1200_t64,turns,1200,64,D05,D08,12.1,10.222924354385741,False,345.45185160695297,True,0.0,0.2
fault_turns_d05_d08_r026_s1200_t80,turns,1200,80,D05,D08,12.1,12.03128799432934,False,191.6469521894282,True,1.0,0.4
fault_turns_d05_d08_r026_s1500_t52,turns,1500,52,D05,D08,12.1,60.23579127028504,True,513.9995077794995,True,0.0,0.2
fault_turns_d05_d08_r026_s1500_t64,turns,1500,64,D05,D08,12.1,48.38079236664339,False,825.544322117625,True,0.0,0.2
fault_turns_d05_d08_r026_s1500_t80,turns,1500,80,D05,D08,12.1,36.810885734720635,False,632.4559701962894,True,0.0,0.2
fault_turns_d05_d08_r026_s1800_t52,turns,1800,52,D05,D08,12.1,24.40461521827545,False,753.2992295626143,True,0.0,0.2
fault_turns_d05_d08_r026_s1800_t64,turns,1800,64,D05,D08,12.1,9.124305464275457,False,568.9284216431878,True,0.0,0.2
fault_turns_d05_d08_r026_s1800_t80,turns,1800,80,D05,D08,12.1,37.48441018837269,False,362.51661424737745,True,0.0,0.2
fault_turns_d06_d07_r026_s1200_t52,turns,1200,52,D06,D07,7.399999999999999,8.920747736342756,False,59.49841744362848,False,,
fault_turns_d06_d07_r026_s1200_t64,turns,1200,64,D06,D07,7.399999999999999,22.044617179826382,False,56.18146760579523,False,,
fault_turns_d06_d07_r026_s1200_t80,turns,1200,80,D06,D07,7.399999999999999,23.65582318906054,False,56.75697124685598,False,,
fault_turns_d06_d07_r026_s1500_t52,turns,1500,52,D06,D07,7.399999999999999,10.546657866337778,False,127.01836174732703,True,1.0,0.4
fault_turns_d06_d07_r026_s1500_t64,turns,1500,64,D06,D07,7.399999999999999,16.039529288660372,False,100.94298446046778,True,1.0,0.4
fault_turns_d06_d07_r026_s1500_t80,turns,1500,80,D06,D07,7.399999999999999,18.193386713481505,False,42.08794762595333,False,,
fault_turns_d06_d07_r026_s1800_t52,turns,1800,52,D06,D07,7.399999999999999,74.39041577501536,True,202.43277933244832,True,0.0,0.2
fault_turns_d06_d07_r026_s1800_t64,turns,1800,64,D06,D07,7.399999999999999,59.83864588026049,True,125.9201926362264,True,0.0,0.2
fault_turns_d06_d07_r026_s1800_t80,turns,1800,80,D06,D07,7.399999999999999,16.389404410048716,False,143.39218911569913,True,1.0,0.4
fault_turns_d09_d10_r026_s1200_t52,turns,1200,52,D09,D10,2.799999999999997,17.0052093745917,False,26.111818062385197,False,,
fault_turns_d09_d10_r026_s1200_t64,turns,1200,64,D09,D10,2.799999999999997,16.068902399765314,False,31.362252538013514,False,,
fault_turns_d09_d10_r026_s1200_t80,turns,1200,80,D09,D10,2.799999999999997,22.541099360985505,False,43.417012637677324,False,,
fault_turns_d09_d10_r026_s1500_t52,turns,1500,52,D09,D10,2.799999999999997,14.990244511007825,False,48.94570154715214,False,,
fault_turns_d09_d10_r026_s1500_t64,turns,1500,64,D09,D10,2.799999999999997,16.99929874535532,False,81.88365494045746,True,0.0,0.2
fault_turns_d09_d10_r026_s1500_t80,turns,1500,80,D09,D10,2.799999999999997,18.815750207972968,False,35.32408336997854,False,,
fault_turns_d09_d10_r026_s1800_t52,turns,1800,52,D09,D10,2.799999999999997,25.947866210684083,False,127.18653893264795,True,0.0,0.2
fault_turns_d09_d10_r026_s1800_t64,turns,1800,64,D09,D10,2.799999999999997,31.75321892991986,False,82.09006463278516,True,1.0,0.4
fault_turns_d09_d10_r026_s1800_t80,turns,1800,80,D09,D10,2.799999999999997,39.27809821985583,False,52.18138697482379,False,,
fault_turns_d11_d12_r026_s1200_t52,turns,1200,52,D11,D12,2.699999999999996,29.443617765400333,False,34.15660900455319,False,,
fault_turns_d11_d12_r026_s1200_t64,turns,1200,64,D11,D12,2.699999999999996,15.393662525461089,False,34.751738422261454,False,,
fault_turns_d11_d12_r026_s1200_t80,turns,1200,80,D11,D12,2.699999999999996,25.492211611509976,False,44.19513511880053,False,,
fault_turns_d11_d12_r026_s1500_t52,turns,1500,52,D11,D12,2.699999999999996,63.57753944466086,True,63.1250021636171,True,0.0,0.2
fault_turns_d11_d12_r026_s1500_t64,turns,1500,64,D11,D12,2.699999999999996,9.246914050779214,False,16.737819421332784,False,,
fault_turns_d11_d12_r026_s1500_t80,turns,1500,80,D11,D12,2.699999999999996,30.47604438088056,False,63.29646510130425,True,1.0,0.4
fault_turns_d11_d12_r026_s1800_t52,turns,1800,52,D11,D12,2.699999999999996,129.91865964025234,True,112.48620284836753,True,0.0,0.2
fault_turns_d11_d12_r026_s1800_t64,turns,1800,64,D11,D12,2.699999999999996,34.910847634149135,False,105.21497482712773,True,0.0,0.2
fault_turns_d11_d12_r026_s1800_t80,turns,1800,80,D11,D12,2.699999999999996,27.90551850376577,False,29.9603201250954,False,,
fault_turns_d13_d16_r026_s1200_t52,turns,1200,52,D13,D16,11.6,13.088686874340496,False,105.99932576752583,True,0.0,0.2
fault_turns_d13_d16_r026_s1200_t64,turns,1200,64,D13,D16,11.6,12.852226066364045,False,68.58640701294073,True,0.0,0.2
fault_turns_d13_d16_r026_s1200_t80,turns,1200,80,D13,D16,11.6,13.310782329566539,False,110.60888908523961,True,1.0,0.4
fault_turns_d13_d16_r026_s1500_t52,turns,1500,52,D13,D16,11.6,25.389007363997614,False,356.0219040278648,True,0.0,0.2
fault_turns_d13_d16_r026_s1500_t64,turns,1500,64,D13,D16,11.6,17.890478154865022,False,179.191325360837,True,0.0,0.2
fault_turns_d13_d16_r026_s1500_t80,turns,1500,80,D13,D16,11.6,8.115902726906882,False,181.32198648743255,True,0.0,0.2
fault_turns_d13_d16_r026_s1800_t52,turns,1800,52,D13,D16,11.6,34.77021781072901,False,579.6878815022856,True,0.0,0.2
fault_turns_d13_d16_r026_s1800_t64,turns,1800,64,D13,D16,11.6,25.87337513342277,False,398.7221104300221,True,0.0,0.2
fault_turns_d13_d16_r026_s1800_t80,turns,1800,80,D13,D16,11.6,43.77487395599307,False,313.6281966684031,True,0.0,0.2
fault_turns_d14_d15_r026_s1200_t52,turns,1200,52,D14,D15,7.400000000000006,15.104871222734634,False,41.87510220589639,False,,
fault_turns_d14_d15_r026_s1200_t64,turns,1200,64,D14,D15,7.400000000000006,12.054344373059557,False,27.191216639009955,False,,
fault_turns_d14_d15_r026_s1200_t80,turns,1200,80,D14,D15,7.400000000000006,16.734684787410856,False,42.67741722807848,False,,
fault_turns_d14_d15_r026_s1500_t52,turns,1500,52,D14,D15,7.400000000000006,31.522515696932995,False,147.73586412936697,True,0.0,0.2
fault_turns_d14_d15_r026_s1500_t64,turns,1500,64,D14,D15,7.400000000000006,12.452267901503072,False,150.3225053359162,True,0.0,0.2
fault_turns_d14_d15_r026_s1500_t80,turns,1500,80,D14,D15,7.400000000000006,17.168489048697996,False,62.330705303616654,True,1.0,0.4
fault_turns_d14_d15_r026_s1800_t52,turns,1800,52,D14,D15,7.400000000000006,19.05440831677662,False,142.5623807617344,True,0.0,0.2
fault_turns_d14_d15_r026_s1800_t64,turns,1800,64,D14,D15,7.400000000000006,10.943177814312861,False,184.19272904059812,True,0.0,0.2
fault_turns_d14_d15_r026_s1800_t80,turns,1800,80,D14,D15,7.400000000000006,22.393164888440815,False,101.84844458374471,True,0.0,0.2
fault_turns_d17_d20_r026_s1200_t52,turns,1200,52,D17,D20,11.599999999999994,18.390074418930084,False,627.075704897963,True,0.0,0.2
fault_turns_d17_d20_r026_s1200_t64,turns,1200,64,D17,D20,11.599999999999994,24.82715720268135,False,402.8665986435479,True,0.0,0.2
fault_turns_d17_d20_r026_s1200_t80,turns,1200,80,D17,D20,11.599999999999994,25.54145745615228,False,268.6034133630988,True,0.0,0.2
fault_turns_d17_d20_r026_s1500_t52,turns,1500,52,D17,D20,11.599999999999994,9.065197275490966,False,702.5626901678332,True,0.0,0.2
fault_turns_d17_d20_r026_s1500_t64,turns,1500,64,D17,D20,11.599999999999994,9.025563454277524,False,359.0991137432266,True,0.0,0.2
fault_turns_d17_d20_r026_s1500_t80,turns,1500,80,D17,D20,11.599999999999994,17.183024908241382,False,344.7913276901192,True,0.0,0.2
fault_turns_d17_d20_r026_s1800_t52,turns,1800,52,D17,D20,11.599999999999994,44.09631236687531,False,470.18914945900303,True,0.0,0.2
fault_turns_d17_d20_r026_s1800_t64,turns,1800,64,D17,D20,11.599999999999994,6.116447238283421,False,243.40976316200812,True,0.0,0.2
fault_turns_d17_d20_r026_s1800_t80,turns,1800,80,D17,D20,11.599999999999994,24.095543385180306,False,213.85696001725654,True,0.0,0.2
fault_turns_d18_d19_r026_s1200_t52,turns,1200,52,D18,D19,7.400000000000006,21.99828634506357,False,59.402126220438205,False,,
fault_turns_d18_d19_r026_s1200_t64,turns,1200,64,D18,D19,7.400000000000006,20.505548520273194,False,44.19973531502606,False,,
fault_turns_d18_d19_r026_s1200_t80,turns,1200,80,D18,D19,7.400000000000006,12.462607385939268,False,47.53177306489144,False,,
fault_turns_d18_d19_r026_s1500_t52,turns,1500,52,D18,D19,7.400000000000006,52.064545984213545,False,73.28116179617865,True,0.0,0.2
fault_turns_d18_d19_r026_s1500_t64,turns,1500,64,D18,D19,7.400000000000006,12.124000022852538,False,53.7768502260167,False,,
fault_turns_d18_d19_r026_s1500_t80,turns,1500,80,D18,D19,7.400000000000006,14.126710104523688,False,77.76060804947261,True,1.0,0.4
fault_turns_d18_d19_r026_s1800_t52,turns,1800,52,D18,D19,7.400000000000006,29.78988223200842,False,104.9647588869125,True,1.0,0.4
fault_turns_d18_d19_r026_s1800_t64,turns,1800,64,D18,D19,7.400000000000006,32.641624689648694,False,38.57095322618697,False,,
fault_turns_d18_d19_r026_s1800_t80,turns,1800,80,D18,D19,7.400000000000006,27.944269316904872,False,56.27601334911817,False,,
fault_turns_d21_d22_r026_s1200_t52,turns,1200,52,D21,D22,3.8000000000000114,23.545368530654507,False,59.76521494129537,False,,
fault_turns_d21_d22_r026_s1200_t64,turns,1200,64,D21,D22,3.8000000000000114,45.550083459653735,False,36.06610488187521,False,,
fault_turns_d21_d22_r026_s1200_t80,turns,1200,80,D21,D22,3.8000000000000114,49.50384266905408,False,38.82840835162497,False,,
fault_turns_d21_d22_r026_s1500_t52,turns,1500,52,D21,D22,3.8000000000000114,31.7000551099486,False,61.401333238317896,True,0.0,0.2
fault_turns_d21_d22_r026_s1500_t64,turns,1500,64,D21,D22,3.8000000000000114,20.71815022774512,False,82.27458360749814,True,0.0,0.2
fault_turns_d21_d22_r026_s1500_t80,turns,1500,80,D21,D22,3.8000000000000114,25.37829306623609,False,19.4338476749439,False,,
fault_turns_d21_d22_r026_s1800_t52,turns,1800,52,D21,D22,3.8000000000000114,18.129651147387648,False,42.70783102357502,False,,
fault_turns_d21_d22_r026_s1800_t64,turns,1800,64,D21,D22,3.8000000000000114,22.202253135996386,False,23.685566908907735,False,,
fault_turns_d21_d22_r026_s1800_t80,turns,1800,80,D21,D22,3.8000000000000114,37.66598329227517,False,58.006799610983464,False,,
fault_turns_d23_d24_r026_s1200_t52,turns,1200,52,D23,D24,2.800000000000012,27.76465911900188,False,79.15445147718384,True,0.0,0.2
fault_turns_d23_d24_r026_s1200_t64,turns,1200,64,D23,D24,2.800000000000012,33.91014640510784,False,20.48205219822477,False,,
fault_turns_d23_d24_r026_s1200_t80,turns,1200,80,D23,D24,2.800000000000012,16.39672431072503,False,37.805600921999,False,,
fault_turns_d23_d24_r026_s1500_t52,turns,1500,52,D23,D24,2.800000000000012,29.21088964665131,False,60.5667720255379,True,1.0,0.4
fault_turns_d23_d24_r026_s1500_t64,turns,1500,64,D23,D24,2.800000000000012,24.924182399365524,False,40.660963205126336,False,,
fault_turns_d23_d24_r026_s1500_t80,turns,1500,80,D23,D24,2.800000000000012,15.835799353896146,False,38.703630278822786,False,,
fault_turns_d23_d24_r026_s1800_t52,turns,1800,52,D23,D24,2.800000000000012,24.375772329586205,False,56.922757079018645,False,,
fault_turns_d23_d24_r026_s1800_t64,turns,1800,64,D23,D24,2.800000000000012,45.26711720850071,False,60.08818078529663,True,1.0,0.4
fault_turns_d23_d24_r026_s1800_t80,turns,1800,80,D23,D24,2.800000000000012,53.8585846835072,False,33.20354354262016,False,,
fault_windings_d01_d06_r026_s1200_t52,windings,1200,52,D01,D06,14.34,23.897026338243077,False,2799.2695600928096,True,0.0,0.2
fault_windings_d01_d06_r026_s1200_t64,windings,1200,64,D01,D06,14.34,34.18818472807321,False,1741.5656595485682,True,0.0,0.2
fault_windings_d01_d06_r026_s1200_t80,windings,1200,80,D01,D06,14.34,12.469295806250773,False,996.7115311345995,True,0.0,0.2
fault_windings_d01_d06_r026_s1500_t52,windings,1500,52,D01,D06,14.34,22.283961676801507,False,4558.0850413882845,True,0.0,0.2
fault_windings_d01_d06_r026_s1500_t64,windings,1500,64,D01,D06,14.34,26.855640861087245,False,2971.073802325105,True,0.0,0.2
fault_windings_d01_d06_r026_s1500_t80,windings,1500,80,D01,D06,14.34,11.90666587674384,False,1514.4004341234022,True,0.0,0.2
fault_windings_d01_d06_r026_s1800_t52,windings,1800,52,D01,D06,14.34,19.140814007721687,False,3697.8956697919675,True,0.0,0.2
fault_windings_d01_d06_r026_s1800_t64,windings,1800,64,D01,D06,14.34,39.138774137046056,False,2104.367452877844,True,0.0,0.2
fault_windings_d01_d06_r026_s1800_t80,windings,1800,80,D01,D06,14.34,19.74611090152326,False,1340.0013985709452,True,0.0,0.2
fault_windings_d01_d07_r026_s1200_t52,windings,1200,52,D01,D07,21.74,51.804751088973454,False,11666.644121823123,True,0.0,0.2
fault_windings_d01_d07_r026_s1200_t64,windings,1200,64,D01,D07,21.74,17.173942048483653,False,7669.838405619508,True,0.0,0.2
fault_windings_d01_d07_r026_s1200_t80,windings,1200,80,D01,D07,21.74,15.632586722677871,False,5788.449947713769,True,0.0,0.2
fault_windings_d01_d07_r026_s1500_t52,windings,1500,52,D01,D07,21.74,46.1123178307506,False,19229.706049424494,True,0.0,0.2
fault_windings_d01_d07_r026_s1500_t64,windings,1500,64,D01,D07,21.74,9.806436139880912,False,12967.290924762845,True,0.0,0.2
fault_windings_d01_d07_r026_s1500_t80,windings,1500,80,D01,D07,21.74,28.88085766287415,False,7894.028053244952,True,0.0,0.2
fault_windings_d01_d07_r026_s1800_t52,windings,1800,52,D01,D07,21.74,22.138866158254856,False,24987.490959095918,True,0.0,0.2
fault_windings_d01_d07_r026_s1800_t64,windings,1800,64,D01,D07,21.74,25.469179649093014,False,15520.819827538751,True,0.0,0.2
fault_windings_d01_d07_r026_s1800_t80,windings,1800,80,D01,D07,21.74,24.599793513550217,False,8524.22879307578,True,0.0,0.2
fault_windings_d04_d06_r026_s1200_t52,windings,1200,52,D04,D06,2.3000000000000007,43.56181353787632,False,28.03057597529178,False,,
fault_windings_d04_d06_r026_s1200_t64,windings,1200,64,D04,D06,2.3000000000000007,18.160576951577674,False,67.16708409437264,True,1.0,0.4
fault_windings_d04_d06_r026_s1200_t80,windings,1200,80,D04,D06,2.3000000000000007,30.54022672564038,False,56.55053757445501,False,,
fault_windings_d04_d06_r026_s1500_t52,windings,1500,52,D04,D06,2.3000000000000007,37.5581021961885,False,66.6088924906881,True,1.0,0.4
fault_windings_d04_d06_r026_s1500_t64,windings,1500,64,D04,D06,2.3000000000000007,100.51492644730341,True,140.2467238845595,True,0.0,0.2
fault_windings_d04_d06_r026_s1500_t80,windings,1500,80,D04,D06,2.3000000000000007,20.01975132658761,False,36.72684523136205,False,,
fault_windings_d04_d06_r026_s1800_t52,windings,1800,52,D04,D06,2.3000000000000007,44.436333994844595,False,151.29409720640052,True,0.0,0.2
fault_windings_d04_d06_r026_s1800_t64,windings,1800,64,D04,D06,2.3000000000000007,128.1442670251076,True,189.59535127975255,True,0.0,0.2
fault_windings_d04_d06_r026_s1800_t80,windings,1800,80,D04,D06,2.3000000000000007,29.431833514365465,False,121.52981562266753,True,0.0,0.2
fault_windings_d04_d07_r026_s1200_t52,windings,1200,52,D04,D07,9.7,57.81255243507128,False,515.320523386857,True,0.0,0.2
fault_windings_d04_d07_r026_s1200_t64,windings,1200,64,D04,D07,9.7,43.7595519846416,False,382.73302848879393,True,0.0,0.2
fault_windings_d04_d07_r026_s1200_t80,windings,1200,80,D04,D07,9.7,14.732045667018888,False,344.7235992016923,True,0.0,0.2
fault_windings_d04_d07_r026_s1500_t52,windings,1500,52,D04,D07,9.7,20.927878765686614,False,799.720543567069,True,0.0,0.2
fault_windings_d04_d07_r026_s1500_t64,windings,1500,64,D04,D07,9.7,15.768600302596223,False,390.13983377326736,True,0.0,0.2
fault_windings_d04_d07_r026_s1500_t80,windings,1500,80,D04,D07,9.7,129.5547327902748,True,264.67359314667146,True,0.0,0.2
fault_windings_d04_d07_r026_s1800_t52,windings,1800,52,D04,D07,9.7,80.01839663976901,True,622.5007617066584,True,0.0,0.2
fault_windings_d04_d07_r026_s1800_t64,windings,1800,64,D04,D07,9.7,46.89615176796634,False,506.91521822948056,True,0.0,0.2
fault_windings_d04_d07_r026_s1800_t80,windings,1800,80,D04,D07,9.7,30.268268542002883,False,329.0611005542283,True,0.0,0.2
fault_windings_d11_d21_r026_s1200_t52,windings,1200,52,D11,D21,36.39999999999999,46.473361950314384,False,312139.3558382296,True,0.0,0.2
fault_windings_d11_d21_r026_s1200_t64,windings,1200,64,D11,D21,36.39999999999999,26.07905127127482,False,119421.05393936612,True,0.0,0.2
fault_windings_d11_d21_r026_s1200_t80,windings,1200,80,D11,D21,36.39999999999999,3.9421765487633147,False,33429.06097051305,True,0.0,0.2
fault_windings_d11_d21_r026_s1500_t52,windings,1500,52,D11,D21,36.39999999999999,27.69822315139406,False,970816.8969142842,True,0.0,0.2
fault_windings_d11_d21_r026_s1500_t64,windings,1500,64,D11,D21,36.39999999999999,17.384879813497175,False,482944.5388734975,True,0.0,0.2
fault_windings_d11_d21_r026_s1500_t80,windings,1500,80,D11,D21,36.39999999999999,6.257166824648079,False,154355.75194312035,True,0.0,0.2
fault_windings_d11_d21_r026_s1800_t52,windings,1800,52,D11,D21,36.39999999999999,114.10194835712291,True,1580913.7333636354,True,0.0,0.2
fault_windings_d11_d21_r026_s1800_t64,windings,1800,64,D11,D21,36.39999999999999,15.913466566158423,False,1146420.0616479674,True,0.0,0.2
fault_windings_d11_d21_r026_s1800_t80,windings,1800,80,D11,D21,36.39999999999999,13.73516428424438,False,329582.2266623276,True,0.0,0.2
fault_windings_d11_d22_r026_s1200_t52,windings,1200,52,D11,D22,40.2,32.36670632594375,False,873191.7876518079,True,0.0,0.2
fault_windings_d11_d22_r026_s1200_t64,windings,1200,64,D11,D22,40.2,9.040245882113513,False,216157.96742283733,True,0.0,0.2
fault_windings_d11_d22_r026_s1200_t80,windings,1200,80,D11,D22,40.2,14.337140143639438,False,71359.20659258397,True,0.0,0.2
fault_windings_d11_d22_r026_s1500_t52,windings,1500,52,D11,D22,40.2,32.386323800179085,False,1968518.639267804,True,0.0,0.2
fault_windings_d11_d22_r026_s1500_t64,windings,1500,64,D11,D22,40.2,53.77531014617723,False,833139.6636909634,True,0.0,0.2
fault_windings_d11_d22_r026_s1500_t80,windings,1500,80,D11,D22,40.2,23.66913367906527,False,236648.916595541,True,0.0,0.2
fault_windings_d11_d22_r026_s1800_t52,windings,1800,52,D11,D22,40.2,53.92896582378958,False,1177958.554512163,True,0.0,0.2
fault_windings_d11_d22_r026_s1800_t64,windings,1800,64,D11,D22,40.2,12.121401985229564,False,1930118.4630048247,True,0.0,0.2
fault_windings_d11_d22_r026_s1800_t80,windings,1800,80,D11,D22,40.2,34.77157278564132,False,792943.0297186038,True,0.0,0.2
fault_windings_d12_d21_r026_s1200_t52,windings,1200,52,D12,D21,33.7,20.802838571106946,False,144916.46927776473,True,0.0,0.2
fault_windings_d12_d21_r026_s1200_t64,windings,1200,64,D12,D21,33.7,20.037631184761093,False,59395.758360528096,True,0.0,0.2
fault_windings_d12_d21_r026_s1200_t80,windings,1200,80,D12,D21,33.7,24.558742669078796,False,17271.026978523998,True,0.0,0.2
fault_windings_d12_d21_r026_s1500_t52,windings,1500,52,D12,D21,33.7,17.9372795327741,False,833633.8690392034,True,0.0,0.2
fault_windings_d12_d21_r026_s1500_t64,windings,1500,64,D12,D21,33.7,19.27771976047981,False,238909.79064972387,True,0.0,0.2
fault_windings_d12_d21_r026_s1500_t80,windings,1500,80,D12,D21,33.7,19.83071538857078,False,82292.36505274125,True,0.0,0.2
fault_windings_d12_d21_r026_s1800_t52,windings,1800,52,D12,D21,33.7,50.912743243365824,False,2903734.8031172715,True,0.0,0.2
fault_windings_d12_d21_r026_s1800_t64,windings,1800,64,D12,D21,33.7,33.74394617093227,False,791221.108947454,True,0.0,0.2
fault_windings_d12_d21_r026_s1800_t80,windings,1800,80,D12,D21,33.7,12.752334458707677,False,162932.63375877473,True,0.0,0.2
fault_windings_d12_d22_r026_s1200_t52,windings,1200,52,D12,D22,37.50000000000001,28.086399014204652,False,364222.8953617856,True,0.0,0.2
fault_windings_d12_d22_r026_s1200_t64,windings,1200,64,D12,D22,37.50000000000001,18.57440177602678,False,141760.26803642442,True,0.0,0.2
fault_windings_d12_d22_r026_s1200_t80,windings,1200,80,D12,D22,37.50000000000001,16.318475968214912,False,32582.852959647535,True,0.0,0.2
fault_windings_d12_d22_r026_s1500_t52,windings,1500,52,D12,D22,37.50000000000001,20.065091585103033,False,1036558.7643190436,True,0.0,0.2
fault_windings_d12_d22_r026_s1500_t64,windings,1500,64,D12,D22,37.50000000000001,9.565796919563825,False,487748.31495058344,True,0.0,0.2
fault_windings_d12_d22_r026_s1500_t80,windings,1500,80,D12,D22,37.50000000000001,36.459705285153035,False,149713.2847944093,True,0.0,0.2
fault_windings_d12_d22_r026_s1800_t52,windings,1800,52,D12,D22,37.50000000000001,31.981152059852874,False,1440996.0172802089,True,0.0,0.2
fault_windings_d12_d22_r026_s1800_t64,windings,1800,64,D12,D22,37.50000000000001,33.680131562545114,False,1327200.2540110203,True,0.0,0.2
fault_windings_d12_d22_r026_s1800_t80,windings,1800,80,D12,D22,37.50000000000001,17.451611289089122,False,362656.7018729925,True,0.0,0.2
fault_windings_d13_d18_r026_s1200_t52,windings,1200,52,D13,D18,14.799999999999995,18.305897513582625,False,536.1864631430967,True,0.0,0.2
fault_windings_d13_d18_r026_s1200_t64,windings,1200,64,D13,D18,14.799999999999995,13.074553783577567,False,395.79618965361925,True,0.0,0.2
fault_windings_d13_d18_r026_s1200_t80,windings,1200,80,D13,D18,14.799999999999995,11.300570877052758,False,321.51212924397214,True,0.0,0.2
fault_windings_d13_d18_r026_s1500_t52,windings,1500,52,D13,D18,14.799999999999995,12.25897390295172,False,1763.8365545033703,True,0.0,0.2
fault_windings_d13_d18_r026_s1500_t64,windings,1500,64,D13,D18,14.799999999999995,14.708957438362791,False,1032.0556669523942,True,0.0,0.2
fault_windings_d13_d18_r026_s1500_t80,windings,1500,80,D13,D18,14.799999999999995,15.485642751899627,False,716.0820815310979,True,0.0,0.2
fault_windings_d13_d18_r026_s1800_t52,windings,1800,52,D13,D18,14.799999999999995,26.018659511231263,False,1935.9978351370644,True,0.0,0.2
fault_windings_d13_d18_r026_s1800_t64,windings,1800,64,D13,D18,14.799999999999995,26.22687881483705,False,1524.804437115259,True,0.0,0.2
fault_windings_d13_d18_r026_s1800_t80,windings,1800,80,D13,D18,14.799999999999995,20.5086570818412,False,1011.9064084017139,True,0.0,0.2
fault_windings_d13_d19_r026_s1200_t52,windings,1200,52,D13,D19,22.200000000000003,12.070838841859754,False,8028.097045958979,True,0.0,0.2
fault_windings_d13_d19_r026_s1200_t64,windings,1200,64,D13,D19,22.200000000000003,10.871670164476875,False,2812.46092089857,True,0.0,0.2
fault_windings_d13_d19_r026_s1200_t80,windings,1200,80,D13,D19,22.200000000000003,12.50664565201409,False,1808.5662609868168,True,0.0,0.2
fault_windings_d13_d19_r026_s1500_t52,windings,1500,52,D13,D19,22.200000000000003,19.861567000082534,False,14225.648023624955,True,0.0,0.2
fault_windings_d13_d19_r026_s1500_t64,windings,1500,64,D13,D19,22.200000000000003,6.802530377047113,False,7087.637700068153,True,0.0,0.2
fault_windings_d13_d19_r026_s1500_t80,windings,1500,80,D13,D19,22.200000000000003,13.95989283431744,False,5059.765604562779,True,0.0,0.2
fault_windings_d13_d19_r026_s1800_t52,windings,1800,52,D13,D19,22.200000000000003,33.414689838270434,False,31335.998716007412,True,0.0,0.2
fault_windings_d13_d19_r026_s1800_t64,windings,1800,64,D13,D19,22.200000000000003,22.113360469169628,False,14330.791905876087,True,0.0,0.2
fault_windings_d13_d19_r026_s1800_t80,windings,1800,80,D13,D19,22.200000000000003,21.803938599236947,False,8527.310249711034,True,0.0,0.2
fault_windings_d16_d18_r026_s1200_t52,windings,1200,52,D16,D18,3.199999999999996,23.41684560780432,False,83.96917268272333,True,0.0,0.2
fault_windings_d16_d18_r026_s1200_t64,windings,1200,64,D16,D18,3.199999999999996,71.45171479714274,True,101.89287228499478,True,0.0,0.2
fault_windings_d16_d18_r026_s1200_t80,windings,1200,80,D16,D18,3.199999999999996,46.57164304458138,False,129.46802823696464,True,0.0,0.2
fault_windings_d16_d18_r026_s1500_t52,windings,1500,52,D16,D18,3.199999999999996,31.414665040924287,False,72.89105040771477,True,0.0,0.2
fault_windings_d16_d18_r026_s1500_t64,windings,1500,64,D16,D18,3.199999999999996,37.276876322457866,False,59.29284453471368,False,,
fault_windings_d16_d18_r026_s1500_t80,windings,1500,80,D16,D18,3.199999999999996,24.30756316336916,False,41.251512884711566,False,,
fault_windings_d16_d18_r026_s1800_t52,windings,1800,52,D16,D18,3.199999999999996,88.59430022290428,True,66.31211343789063,True,0.0,0.2
fault_windings_d16_d18_r026_s1800_t64,windings,1800,64,D16,D18,3.199999999999996,37.50146112701368,False,36.39776105304478,False,,
fault_windings_d16_d18_r026_s1800_t80,windings,1800,80,D16,D18,3.199999999999996,32.204148661454646,False,34.91294091868812,False,,
fault_windings_d16_d19_r026_s1200_t52,windings,1200,52,D16,D19,10.6,27.927809230830825,False,194.95874502758332,True,1.0,0.4
fault_windings_d16_d19_r026_s1200_t64,windings,1200,64,D16,D19,10.6,13.371432218284514,False,92.93515618182722,True,1.0,0.4
fault_windings_d16_d19_r026_s1200_t80,windings,1200,80,D16,D19,10.6,33.068931984975436,False,81.99914183458027,True,0.0,0.2
fault_windings_d16_d19_r026_s1500_t52,windings,1500,52,D16,D19,10.6,95.32227966445353,True,1133.2205625844326,True,0.0,0.2
fault_windings_d16_d19_r026_s1500_t64,windings,1500,64,D16,D19,10.6,11.001209594279263,False,256.9807347584051,True,0.0,0.2
fault_windings_d16_d19_r026_s1500_t80,windings,1500,80,D16,D19,10.6,20.348984515195944,False,138.0814966218071,True,0.0,0.2
fault_windings_d16_d19_r026_s1800_t52,windings,1800,52,D16,D19,10.6,34.4976162808346,False,459.30520484781766,True,0.0,0.2
fault_windings_d16_d19_r026_s1800_t64,windings,1800,64,D16,D19,10.6,269.8485091546826,True,397.285214084235,True,0.0,0.2
fault_windings_d16_d19_r026_s1800_t80,windings,1800,80,D16,D19,10.6,33.77822711764339,False,231.15382941628607,True,0.0,0.2
