target_distribution,method,alpha,nominal_curvewise_coverage,source_fit_designs,source_calibration_designs,target_density_ratio_fit_designs,target_band_evaluation_designs,selected_surrogate_parameters,selected_logistic_c,heldout_domain_auc,calibration_weight_sum,calibration_weight_ess,calibration_max_normalized_weight,designs,finite_bands,finite_band_rate,vacuous_band_rate,curvewise_coverage_including_vacuous,coverage_wilson_lower_including_vacuous,coverage_wilson_upper_including_vacuous,finite_band_curvewise_coverage,mean_finite_half_width,p90_finite_half_width
uq_uniform,global_split_conformal,0.1,0.9,1200,600,5625,5625,{'alpha': 1e-07},0.01,0.5059303703703704,688.4541321077312,516.5040316436168,0.005289054138049214,5625,5625,1.0,0.0,0.904,0.8960234666295811,0.9114251057365393,0.904,0.023903091720187675,0.023903091720187675
uq_uniform,geometry_scaled_split_conformal,0.1,0.9,1200,600,5625,5625,{'alpha': 1e-07},0.01,0.5059303703703704,688.4541321077312,516.5040316436168,0.005289054138049214,5625,5625,1.0,0.0,0.9109333333333334,0.903206464814986,0.9180993107732593,0.9109333333333334,0.024128885943116286,0.026134035256696636
uq_uniform,estimated_weighted_split_conformal,0.1,0.9,1200,600,5625,5625,{'alpha': 1e-07},0.01,0.5059303703703704,688.4541321077312,516.5040316436168,0.005289054138049214,5625,5625,1.0,0.0,0.9198222222222222,0.9124354967637861,0.9266359239810295,0.9198222222222222,0.025024511121063815,0.02502452229527441
uq_uniform,global_split_conformal,0.05,0.95,1200,600,5625,5625,{'alpha': 1e-07},0.01,0.5059303703703704,688.4541321077312,516.5040316436168,0.005289054138049214,5625,5625,1.0,0.0,0.9571555555555555,0.9515441124048907,0.9621430179975201,0.9571555555555555,0.030676519195662777,0.030676519195662777
uq_uniform,geometry_scaled_split_conformal,0.05,0.95,1200,600,5625,5625,{'alpha': 1e-07},0.01,0.5059303703703704,688.4541321077312,516.5040316436168,0.005289054138049214,5625,5625,1.0,0.0,0.9569777777777778,0.9513560092605217,0.9619758082387578,0.9569777777777778,0.029914292371246414,0.032400218284106844
uq_uniform,estimated_weighted_split_conformal,0.05,0.95,1200,600,5625,5625,{'alpha': 1e-07},0.01,0.5059303703703704,688.4541321077312,516.5040316436168,0.005289054138049214,5625,5625,1.0,0.0,0.9576888888888889,0.95210857068404,0.9626444984277651,0.9576888888888889,0.0309042832746173,0.031004639034387216
uq_gauss,global_split_conformal,0.1,0.9,1200,600,5000,5000,{'alpha': 1e-07},1.0,1.0,20.144472020062427,4.3063191510830485,0.39703620243494553,5000,5000,1.0,0.0,0.9668,0.9614646962043945,0.9714185772597004,0.9668,0.023903091720187675,0.023903091720187675
uq_gauss,geometry_scaled_split_conformal,0.1,0.9,1200,600,5000,5000,{'alpha': 1e-07},1.0,1.0,20.144472020062427,4.3063191510830485,0.39703620243494553,5000,5000,1.0,0.0,0.9088,0.9005032068555603,0.9164691200341613,0.9088,0.019872595895568095,0.02046302328133149
uq_gauss,estimated_weighted_split_conformal,0.1,0.9,1200,600,5000,5000,{'alpha': 1e-07},1.0,1.0,20.144472020062427,4.3063191510830485,0.39703620243494553,5000,0,0.0,1.0,1.0,0.9992322980549431,1.0,,,
uq_gauss,global_split_conformal,0.05,0.95,1200,600,5000,5000,{'alpha': 1e-07},1.0,1.0,20.144472020062427,4.3063191510830485,0.39703620243494553,5000,5000,1.0,0.0,0.996,0.9938293823892882,0.9974090572812152,0.996,0.030676519195662773,0.030676519195662777
uq_gauss,geometry_scaled_split_conformal,0.05,0.95,1200,600,5000,5000,{'alpha': 1e-07},1.0,1.0,20.144472020062427,4.3063191510830485,0.39703620243494553,5000,5000,1.0,0.0,0.971,0.9659748874643569,0.9753019373033994,0.971,0.024637467523246873,0.025369462257001072
uq_gauss,estimated_weighted_split_conformal,0.05,0.95,1200,600,5000,5000,{'alpha': 1e-07},1.0,1.0,20.144472020062427,4.3063191510830485,0.39703620243494553,5000,0,0.0,1.0,1.0,0.9992322980549431,1.0,,,
