facet,level,records,detected,record_detection,detection_wilson_lower,detection_wilson_upper,pre_false_alarms,pre_session_far,far_wilson_lower,far_wilson_upper,record_abstention
fault_family,turns,108,58,0.5370370370370371,0.4433455287185074,0.6281842964854515,33,0.3055555555555556,0.22660233791018658,0.39786607976903,0.0
fault_family,windings,108,98,0.9074074074074074,0.8379014075477644,0.9489266696957817,38,0.35185185185185186,0.2682900183528797,0.4455906808312853,0.0
speed_rpm,1200,72,43,0.5972222222222222,0.48180671684951565,0.7027888884789508,21,0.2916666666666667,0.1993805618883669,0.4050574266934906,0.0
speed_rpm,1500,72,61,0.8472222222222222,0.7467771063249946,0.912492912705243,36,0.5,0.3874709230948976,0.6125290769051024,0.0
speed_rpm,1800,72,52,0.7222222222222222,0.6095356707476457,0.8123971414317063,14,0.19444444444444445,0.11951479379450558,0.30032758945888527,0.0
torque_setting_code,52,72,60,0.8333333333333334,0.7308929306946451,0.9020062875743832,35,0.4861111111111111,0.37432674529071863,0.5993024539480718,0.0
torque_setting_code,64,72,51,0.7083333333333334,0.5949425733065095,0.8006194381116332,22,0.3055555555555556,0.21126630975195265,0.4195424795911143,0.0
torque_setting_code,80,72,45,0.625,0.5095289902692697,0.7278082165816158,14,0.19444444444444445,0.11951479379450558,0.30032758945888527,0.0
speed_by_torque,1200 / 52,24,18,0.75,0.55100555994846,0.8800063377140499,12,0.5,0.3142742581957336,0.6857257418042664,0.0
speed_by_torque,1200 / 64,24,15,0.625,0.42709962442674276,0.7884063244045122,5,0.20833333333333334,0.09244825352851854,0.40470453253188654,0.0
speed_by_torque,1200 / 80,24,10,0.4166666666666667,0.24467602609811764,0.6116533413477123,4,0.16666666666666666,0.06678676328632951,0.3585307064969906,0.0
speed_by_torque,1500 / 52,24,22,0.9166666666666666,0.7415119780678932,0.9768411847029566,16,0.6666666666666666,0.46706316838131745,0.8202780967270223,0.0
speed_by_torque,1500 / 64,24,20,0.8333333333333334,0.6414692935030095,0.9332132367136705,10,0.4166666666666667,0.24467602609811764,0.6116533413477123,0.0
speed_by_torque,1500 / 80,24,19,0.7916666666666666,0.5952954674681133,0.9075517464714814,10,0.4166666666666667,0.24467602609811764,0.6116533413477123,0.0
speed_by_torque,1800 / 52,24,20,0.8333333333333334,0.6414692935030095,0.9332132367136705,7,0.2916666666666667,0.14914648196960872,0.4916769366449663,0.0
speed_by_torque,1800 / 64,24,16,0.6666666666666666,0.46706316838131745,0.8202780967270223,7,0.2916666666666667,0.14914648196960872,0.4916769366449663,0.0
speed_by_torque,1800 / 80,24,16,0.6666666666666666,0.46706316838131745,0.8202780967270223,0,0.0,0.0,0.13797620467498012,0.0
