fault_family,terminal_a,terminal_b,fault_span_percent,conditions,detection,pre_session_far,first_window_detection
turns,D01,D04,12.04,9,0.8888888888888888,0.3333333333333333,0.7777777777777778
turns,D02,D03,7.689999999999999,9,0.4444444444444444,0.4444444444444444,0.2222222222222222
turns,D05,D08,12.1,9,0.8888888888888888,0.3333333333333333,0.4444444444444444
turns,D06,D07,7.399999999999999,9,0.4444444444444444,0.3333333333333333,0.2222222222222222
turns,D09,D10,2.799999999999997,9,0.3333333333333333,0.2222222222222222,0.1111111111111111
turns,D11,D12,2.699999999999996,9,0.2222222222222222,0.4444444444444444,0.2222222222222222
turns,D13,D16,11.6,9,0.8888888888888888,0.1111111111111111,0.6666666666666666
turns,D14,D15,7.400000000000006,9,0.2222222222222222,0.2222222222222222,0.1111111111111111
turns,D17,D20,11.599999999999994,9,0.8888888888888888,0.0,0.2222222222222222
turns,D18,D19,7.400000000000006,9,0.4444444444444444,0.3333333333333333,0.2222222222222222
turns,D21,D22,3.8000000000000114,9,0.3333333333333333,0.4444444444444444,0.2222222222222222
turns,D23,D24,2.800000000000012,9,0.4444444444444444,0.4444444444444444,0.3333333333333333
windings,D01,D06,14.34,9,1.0,0.3333333333333333,0.8888888888888888
windings,D01,D07,21.74,9,1.0,0.1111111111111111,1.0
windings,D04,D06,2.3000000000000007,9,0.7777777777777778,0.7777777777777778,0.7777777777777778
windings,D04,D07,9.7,9,1.0,0.4444444444444444,0.7777777777777778
windings,D11,D21,36.39999999999999,9,1.0,0.3333333333333333,1.0
windings,D11,D22,40.2,9,1.0,0.4444444444444444,1.0
windings,D12,D21,33.7,9,1.0,0.1111111111111111,1.0
windings,D12,D22,37.50000000000001,9,1.0,0.0,1.0
windings,D13,D18,14.799999999999995,9,1.0,0.3333333333333333,0.8888888888888888
windings,D13,D19,22.200000000000003,9,1.0,0.2222222222222222,1.0
windings,D16,D18,3.199999999999996,9,0.3333333333333333,0.5555555555555556,0.2222222222222222
windings,D16,D19,10.6,9,0.7777777777777778,0.5555555555555556,0.7777777777777778
