repository_path,filename,git_blob_oid_sha1,is_healthy,speed_rpm,torque_setting_code,fault_family,terminal_a,terminal_b,resistance_code,fault_span_percent
PMSG-3phase-Dataset/FAULT_TURNS_D01_D04_R026_S1200_T52.mat,FAULT_TURNS_D01_D04_R026_S1200_T52.mat,912df31847bccd8e1159c356f7232d969f400037,False,1200,52,turns,D01,D04,026,12.04
PMSG-3phase-Dataset/FAULT_TURNS_D01_D04_R026_S1200_T64.mat,FAULT_TURNS_D01_D04_R026_S1200_T64.mat,2dc31b6de69b6e96d6f9ac25e8d2983a071a2410,False,1200,64,turns,D01,D04,026,12.04
PMSG-3phase-Dataset/FAULT_TURNS_D01_D04_R026_S1200_T80.mat,FAULT_TURNS_D01_D04_R026_S1200_T80.mat,0d4525af154051a690f26ad4b10941ea4193985e,False,1200,80,turns,D01,D04,026,12.04
PMSG-3phase-Dataset/FAULT_TURNS_D01_D04_R026_S1500_T52.mat,FAULT_TURNS_D01_D04_R026_S1500_T52.mat,85c341ef17c113045a7c6c4033458c8f42932f72,False,1500,52,turns,D01,D04,026,12.04
PMSG-3phase-Dataset/FAULT_TURNS_D01_D04_R026_S1500_T64.mat,FAULT_TURNS_D01_D04_R026_S1500_T64.mat,304e372f634320e8f423a8cdc1edf214077aba27,False,1500,64,turns,D01,D04,026,12.04
PMSG-3phase-Dataset/FAULT_TURNS_D01_D04_R026_S1500_T80.mat,FAULT_TURNS_D01_D04_R026_S1500_T80.mat,b6862f09d6df54a68f424413a4d60d8b9e1e7936,False,1500,80,turns,D01,D04,026,12.04
PMSG-3phase-Dataset/FAULT_TURNS_D01_D04_R026_S1800_T52.mat,FAULT_TURNS_D01_D04_R026_S1800_T52.mat,d9fa5c1ecb9ce1308818d1155546634c4ec0d0ab,False,1800,52,turns,D01,D04,026,12.04
PMSG-3phase-Dataset/FAULT_TURNS_D01_D04_R026_S1800_T64.mat,FAULT_TURNS_D01_D04_R026_S1800_T64.mat,2c55fa7c98140fc9f8cd86d1a25c302e1f0978d7,False,1800,64,turns,D01,D04,026,12.04
PMSG-3phase-Dataset/FAULT_TURNS_D01_D04_R026_S1800_T80.mat,FAULT_TURNS_D01_D04_R026_S1800_T80.mat,63136759acdf397f7633f502c714fe2126df3957,False,1800,80,turns,D01,D04,026,12.04
PMSG-3phase-Dataset/FAULT_TURNS_D02_D03_R026_S1200_T52.mat,FAULT_TURNS_D02_D03_R026_S1200_T52.mat,04a312b80ef3a54bea72d6dcb35fb12af7efb52f,False,1200,52,turns,D02,D03,026,7.6899999999999995
PMSG-3phase-Dataset/FAULT_TURNS_D02_D03_R026_S1200_T64.mat,FAULT_TURNS_D02_D03_R026_S1200_T64.mat,82a09a478cffdf8c2a78be94f494b2a5d406aac8,False,1200,64,turns,D02,D03,026,7.6899999999999995
PMSG-3phase-Dataset/FAULT_TURNS_D02_D03_R026_S1200_T80.mat,FAULT_TURNS_D02_D03_R026_S1200_T80.mat,1e054dda95ae6bd81729ba0cb76bf6b62694a566,False,1200,80,turns,D02,D03,026,7.6899999999999995
PMSG-3phase-Dataset/FAULT_TURNS_D02_D03_R026_S1500_T52.mat,FAULT_TURNS_D02_D03_R026_S1500_T52.mat,e8777ed6e3049f5b689d5a9e07fb41d5ccdf9edc,False,1500,52,turns,D02,D03,026,7.6899999999999995
PMSG-3phase-Dataset/FAULT_TURNS_D02_D03_R026_S1500_T64.mat,FAULT_TURNS_D02_D03_R026_S1500_T64.mat,f4c8d7c64429717c55a34a52b8eeb8abd527da07,False,1500,64,turns,D02,D03,026,7.6899999999999995
PMSG-3phase-Dataset/FAULT_TURNS_D02_D03_R026_S1500_T80.mat,FAULT_TURNS_D02_D03_R026_S1500_T80.mat,6e5552dfdf15cbc9cd6f686dc86952f010de3cf0,False,1500,80,turns,D02,D03,026,7.6899999999999995
PMSG-3phase-Dataset/FAULT_TURNS_D02_D03_R026_S1800_T52.mat,FAULT_TURNS_D02_D03_R026_S1800_T52.mat,b3d8ce3881e2b8b802a1f366bb0751890a989440,False,1800,52,turns,D02,D03,026,7.6899999999999995
PMSG-3phase-Dataset/FAULT_TURNS_D02_D03_R026_S1800_T64.mat,FAULT_TURNS_D02_D03_R026_S1800_T64.mat,de756f346d311b37abf780bde556a13be96a57fa,False,1800,64,turns,D02,D03,026,7.6899999999999995
PMSG-3phase-Dataset/FAULT_TURNS_D02_D03_R026_S1800_T80.mat,FAULT_TURNS_D02_D03_R026_S1800_T80.mat,b198e3d755064336e649062894d5d318b77d6745,False,1800,80,turns,D02,D03,026,7.6899999999999995
PMSG-3phase-Dataset/FAULT_TURNS_D05_D08_R026_S1200_T52.mat,FAULT_TURNS_D05_D08_R026_S1200_T52.mat,0e0d7b284551fc2f860d8018e290d0f017bbbbd1,False,1200,52,turns,D05,D08,026,12.1
PMSG-3phase-Dataset/FAULT_TURNS_D05_D08_R026_S1200_T64.mat,FAULT_TURNS_D05_D08_R026_S1200_T64.mat,289b758f83c5e3ae2098d42cb3ca61d4020ed1a6,False,1200,64,turns,D05,D08,026,12.1
PMSG-3phase-Dataset/FAULT_TURNS_D05_D08_R026_S1200_T80.mat,FAULT_TURNS_D05_D08_R026_S1200_T80.mat,efe0e882213c367cdace047f70b5e9e54c739678,False,1200,80,turns,D05,D08,026,12.1
PMSG-3phase-Dataset/FAULT_TURNS_D05_D08_R026_S1500_T52.mat,FAULT_TURNS_D05_D08_R026_S1500_T52.mat,6a9b22b6988a12b8b6ae4e544be5ebc73b47eb0f,False,1500,52,turns,D05,D08,026,12.1
PMSG-3phase-Dataset/FAULT_TURNS_D05_D08_R026_S1500_T64.mat,FAULT_TURNS_D05_D08_R026_S1500_T64.mat,9e6cb7cb25fdd2bf9250004898219bccad8671af,False,1500,64,turns,D05,D08,026,12.1
PMSG-3phase-Dataset/FAULT_TURNS_D05_D08_R026_S1500_T80.mat,FAULT_TURNS_D05_D08_R026_S1500_T80.mat,a63f344cdc76ecc04853d52dda0706f3e3701c6d,False,1500,80,turns,D05,D08,026,12.1
PMSG-3phase-Dataset/FAULT_TURNS_D05_D08_R026_S1800_T52.mat,FAULT_TURNS_D05_D08_R026_S1800_T52.mat,90610f3d46a477261b13020fb4fb91464db32755,False,1800,52,turns,D05,D08,026,12.1
PMSG-3phase-Dataset/FAULT_TURNS_D05_D08_R026_S1800_T64.mat,FAULT_TURNS_D05_D08_R026_S1800_T64.mat,5c958684637d67d17b2150f35d2bf545f8e638f3,False,1800,64,turns,D05,D08,026,12.1
PMSG-3phase-Dataset/FAULT_TURNS_D05_D08_R026_S1800_T80.mat,FAULT_TURNS_D05_D08_R026_S1800_T80.mat,18fee97dad463d9480ee04ade8d7c4e798696178,False,1800,80,turns,D05,D08,026,12.1
PMSG-3phase-Dataset/FAULT_TURNS_D06_D07_R026_S1200_T52.mat,FAULT_TURNS_D06_D07_R026_S1200_T52.mat,990c0793cbcdc8c45bcd096300ec13514b0ee671,False,1200,52,turns,D06,D07,026,7.399999999999999
PMSG-3phase-Dataset/FAULT_TURNS_D06_D07_R026_S1200_T64.mat,FAULT_TURNS_D06_D07_R026_S1200_T64.mat,8ce8874f9fda7d7016e83e14c4834a5bfd346783,False,1200,64,turns,D06,D07,026,7.399999999999999
PMSG-3phase-Dataset/FAULT_TURNS_D06_D07_R026_S1200_T80.mat,FAULT_TURNS_D06_D07_R026_S1200_T80.mat,f6eb400c511ac61a45c010d32773c10fae38e241,False,1200,80,turns,D06,D07,026,7.399999999999999
PMSG-3phase-Dataset/FAULT_TURNS_D06_D07_R026_S1500_T52.mat,FAULT_TURNS_D06_D07_R026_S1500_T52.mat,21912d6a52498a60f3aa12bcc431385cc1e17da0,False,1500,52,turns,D06,D07,026,7.399999999999999
PMSG-3phase-Dataset/FAULT_TURNS_D06_D07_R026_S1500_T64.mat,FAULT_TURNS_D06_D07_R026_S1500_T64.mat,22f31ad6667cb54d8f526495a45e1c10c1c1d283,False,1500,64,turns,D06,D07,026,7.399999999999999
PMSG-3phase-Dataset/FAULT_TURNS_D06_D07_R026_S1500_T80.mat,FAULT_TURNS_D06_D07_R026_S1500_T80.mat,5aa560610b8e5d7d15eab4a8594de09004db3f6b,False,1500,80,turns,D06,D07,026,7.399999999999999
PMSG-3phase-Dataset/FAULT_TURNS_D06_D07_R026_S1800_T52.mat,FAULT_TURNS_D06_D07_R026_S1800_T52.mat,6a0f841b4ec58463944b5611aa28179bb0e9c8ed,False,1800,52,turns,D06,D07,026,7.399999999999999
PMSG-3phase-Dataset/FAULT_TURNS_D06_D07_R026_S1800_T64.mat,FAULT_TURNS_D06_D07_R026_S1800_T64.mat,01ebf10fe69688f9cbca46e84f3222a6bfed345b,False,1800,64,turns,D06,D07,026,7.399999999999999
PMSG-3phase-Dataset/FAULT_TURNS_D06_D07_R026_S1800_T80.mat,FAULT_TURNS_D06_D07_R026_S1800_T80.mat,a4c12c18f35b34a804421d38c7bdaf66d6b2eb42,False,1800,80,turns,D06,D07,026,7.399999999999999
PMSG-3phase-Dataset/FAULT_TURNS_D09_D10_R026_S1200_T52.mat,FAULT_TURNS_D09_D10_R026_S1200_T52.mat,1d69784a334d63f6db81430abe10cfeb7fe1fbba,False,1200,52,turns,D09,D10,026,2.799999999999997
PMSG-3phase-Dataset/FAULT_TURNS_D09_D10_R026_S1200_T64.mat,FAULT_TURNS_D09_D10_R026_S1200_T64.mat,cb1c870196520ef079b8ee35dc54a6440b8ad7f4,False,1200,64,turns,D09,D10,026,2.799999999999997
PMSG-3phase-Dataset/FAULT_TURNS_D09_D10_R026_S1200_T80.mat,FAULT_TURNS_D09_D10_R026_S1200_T80.mat,52009f83270f2e0f84902d92aef6bb7c81f5e1d6,False,1200,80,turns,D09,D10,026,2.799999999999997
PMSG-3phase-Dataset/FAULT_TURNS_D09_D10_R026_S1500_T52.mat,FAULT_TURNS_D09_D10_R026_S1500_T52.mat,0ebfd8079e7308a07ec462a61860864b1a85b461,False,1500,52,turns,D09,D10,026,2.799999999999997
PMSG-3phase-Dataset/FAULT_TURNS_D09_D10_R026_S1500_T64.mat,FAULT_TURNS_D09_D10_R026_S1500_T64.mat,99c3c61befb1618578c3c55611dd1fb5bd55612c,False,1500,64,turns,D09,D10,026,2.799999999999997
PMSG-3phase-Dataset/FAULT_TURNS_D09_D10_R026_S1500_T80.mat,FAULT_TURNS_D09_D10_R026_S1500_T80.mat,b22a3e4729f33fb2f4b1430cd81a362018c8324f,False,1500,80,turns,D09,D10,026,2.799999999999997
PMSG-3phase-Dataset/FAULT_TURNS_D09_D10_R026_S1800_T52.mat,FAULT_TURNS_D09_D10_R026_S1800_T52.mat,d608408f109c0deaefe940bd445867ebd5a50127,False,1800,52,turns,D09,D10,026,2.799999999999997
PMSG-3phase-Dataset/FAULT_TURNS_D09_D10_R026_S1800_T64.mat,FAULT_TURNS_D09_D10_R026_S1800_T64.mat,3c0433a058c5671ad9228df9d80843fac5315eb3,False,1800,64,turns,D09,D10,026,2.799999999999997
PMSG-3phase-Dataset/FAULT_TURNS_D09_D10_R026_S1800_T80.mat,FAULT_TURNS_D09_D10_R026_S1800_T80.mat,42240eb4b01b2def39a8f49a336677f25b3f69f6,False,1800,80,turns,D09,D10,026,2.799999999999997
PMSG-3phase-Dataset/FAULT_TURNS_D11_D12_R026_S1200_T52.mat,FAULT_TURNS_D11_D12_R026_S1200_T52.mat,666204d239dde259f972b3fc9883baafd3b5ab04,False,1200,52,turns,D11,D12,026,2.6999999999999957
PMSG-3phase-Dataset/FAULT_TURNS_D11_D12_R026_S1200_T64.mat,FAULT_TURNS_D11_D12_R026_S1200_T64.mat,3f30f3c5504d1f5343f58cfb84a8e2f635d41408,False,1200,64,turns,D11,D12,026,2.6999999999999957
PMSG-3phase-Dataset/FAULT_TURNS_D11_D12_R026_S1200_T80.mat,FAULT_TURNS_D11_D12_R026_S1200_T80.mat,59ed372c074444fb7e7c80442049b6435974ad14,False,1200,80,turns,D11,D12,026,2.6999999999999957
PMSG-3phase-Dataset/FAULT_TURNS_D11_D12_R026_S1500_T52.mat,FAULT_TURNS_D11_D12_R026_S1500_T52.mat,d5979809cfb5a154f8e90cc4ae10fd9f0172542e,False,1500,52,turns,D11,D12,026,2.6999999999999957
PMSG-3phase-Dataset/FAULT_TURNS_D11_D12_R026_S1500_T64.mat,FAULT_TURNS_D11_D12_R026_S1500_T64.mat,8d002195e250bb987478640632f88537abb290df,False,1500,64,turns,D11,D12,026,2.6999999999999957
PMSG-3phase-Dataset/FAULT_TURNS_D11_D12_R026_S1500_T80.mat,FAULT_TURNS_D11_D12_R026_S1500_T80.mat,247247b1b516f43f0b37845e25eab360f9127ab7,False,1500,80,turns,D11,D12,026,2.6999999999999957
PMSG-3phase-Dataset/FAULT_TURNS_D11_D12_R026_S1800_T52.mat,FAULT_TURNS_D11_D12_R026_S1800_T52.mat,3f63576572f02f8e55332eacf82e1a21d8212014,False,1800,52,turns,D11,D12,026,2.6999999999999957
PMSG-3phase-Dataset/FAULT_TURNS_D11_D12_R026_S1800_T64.mat,FAULT_TURNS_D11_D12_R026_S1800_T64.mat,09ffe5b30414df90592bcb32f948b8c03f96cb0e,False,1800,64,turns,D11,D12,026,2.6999999999999957
PMSG-3phase-Dataset/FAULT_TURNS_D11_D12_R026_S1800_T80.mat,FAULT_TURNS_D11_D12_R026_S1800_T80.mat,2367687a411e317d2a92945c1f233180ad45fba1,False,1800,80,turns,D11,D12,026,2.6999999999999957
PMSG-3phase-Dataset/FAULT_TURNS_D13_D16_R026_S1200_T52.mat,FAULT_TURNS_D13_D16_R026_S1200_T52.mat,001bd249f27c4f97a5f8e90c6904e1db109bdf3d,False,1200,52,turns,D13,D16,026,11.600000000000001
PMSG-3phase-Dataset/FAULT_TURNS_D13_D16_R026_S1200_T64.mat,FAULT_TURNS_D13_D16_R026_S1200_T64.mat,be06e8b7d204346ba4af7eaa76e0b0b02e1b0dbf,False,1200,64,turns,D13,D16,026,11.600000000000001
PMSG-3phase-Dataset/FAULT_TURNS_D13_D16_R026_S1200_T80.mat,FAULT_TURNS_D13_D16_R026_S1200_T80.mat,f70fa51593af2f4a63f156895e78a67996e05900,False,1200,80,turns,D13,D16,026,11.600000000000001
PMSG-3phase-Dataset/FAULT_TURNS_D13_D16_R026_S1500_T52.mat,FAULT_TURNS_D13_D16_R026_S1500_T52.mat,7f52b5e609a151b9fc8c9f325f96faae68dfb081,False,1500,52,turns,D13,D16,026,11.600000000000001
PMSG-3phase-Dataset/FAULT_TURNS_D13_D16_R026_S1500_T64.mat,FAULT_TURNS_D13_D16_R026_S1500_T64.mat,8ba03a5cda0a9a8b59d6e4e7bf91e64889bd130b,False,1500,64,turns,D13,D16,026,11.600000000000001
PMSG-3phase-Dataset/FAULT_TURNS_D13_D16_R026_S1500_T80.mat,FAULT_TURNS_D13_D16_R026_S1500_T80.mat,24bb8878c7cf2aec136ce8b0db83a5e2cda8af1b,False,1500,80,turns,D13,D16,026,11.600000000000001
PMSG-3phase-Dataset/FAULT_TURNS_D13_D16_R026_S1800_T52.mat,FAULT_TURNS_D13_D16_R026_S1800_T52.mat,3e427e5967315f4cdd5f66479d889eb0d30aaeff,False,1800,52,turns,D13,D16,026,11.600000000000001
PMSG-3phase-Dataset/FAULT_TURNS_D13_D16_R026_S1800_T64.mat,FAULT_TURNS_D13_D16_R026_S1800_T64.mat,de4ef26360e67c48a00b1abe2c626d9c3fe0cf21,False,1800,64,turns,D13,D16,026,11.600000000000001
PMSG-3phase-Dataset/FAULT_TURNS_D13_D16_R026_S1800_T80.mat,FAULT_TURNS_D13_D16_R026_S1800_T80.mat,acdd6945eba3d1a3a18ffd923e4ceb2ffc544ad2,False,1800,80,turns,D13,D16,026,11.600000000000001
PMSG-3phase-Dataset/FAULT_TURNS_D14_D15_R026_S1200_T52.mat,FAULT_TURNS_D14_D15_R026_S1200_T52.mat,b3346be14d495851d1b98bd17bed1878037b4175,False,1200,52,turns,D14,D15,026,7.400000000000006
PMSG-3phase-Dataset/FAULT_TURNS_D14_D15_R026_S1200_T64.mat,FAULT_TURNS_D14_D15_R026_S1200_T64.mat,25a7512ec7ec75a2c20db8bc515d5bd62a15c36e,False,1200,64,turns,D14,D15,026,7.400000000000006
PMSG-3phase-Dataset/FAULT_TURNS_D14_D15_R026_S1200_T80.mat,FAULT_TURNS_D14_D15_R026_S1200_T80.mat,734c98df5fabc8e9fd8be74a401b450c547b8f65,False,1200,80,turns,D14,D15,026,7.400000000000006
PMSG-3phase-Dataset/FAULT_TURNS_D14_D15_R026_S1500_T52.mat,FAULT_TURNS_D14_D15_R026_S1500_T52.mat,936e9a5f8e4b1f131800939df7854eb08db5245f,False,1500,52,turns,D14,D15,026,7.400000000000006
PMSG-3phase-Dataset/FAULT_TURNS_D14_D15_R026_S1500_T64.mat,FAULT_TURNS_D14_D15_R026_S1500_T64.mat,7d035be681d92b2e5ca2876f4a485db201adbfc4,False,1500,64,turns,D14,D15,026,7.400000000000006
PMSG-3phase-Dataset/FAULT_TURNS_D14_D15_R026_S1500_T80.mat,FAULT_TURNS_D14_D15_R026_S1500_T80.mat,25c21530f7d7ac478aa658c5f0ad08224032ea7f,False,1500,80,turns,D14,D15,026,7.400000000000006
PMSG-3phase-Dataset/FAULT_TURNS_D14_D15_R026_S1800_T52.mat,FAULT_TURNS_D14_D15_R026_S1800_T52.mat,fd483f2b87a532d28d9b8d54063b107b485cbcea,False,1800,52,turns,D14,D15,026,7.400000000000006
PMSG-3phase-Dataset/FAULT_TURNS_D14_D15_R026_S1800_T64.mat,FAULT_TURNS_D14_D15_R026_S1800_T64.mat,f6ab88495557232b464cdf8c8cbf22dbee0a80f7,False,1800,64,turns,D14,D15,026,7.400000000000006
PMSG-3phase-Dataset/FAULT_TURNS_D14_D15_R026_S1800_T80.mat,FAULT_TURNS_D14_D15_R026_S1800_T80.mat,4bb8e1a8e120c9b107f48e55037b4228271638dc,False,1800,80,turns,D14,D15,026,7.400000000000006
PMSG-3phase-Dataset/FAULT_TURNS_D17_D20_R026_S1200_T52.mat,FAULT_TURNS_D17_D20_R026_S1200_T52.mat,aeaf44033330d38f338431dfdacb85c71ecfcad3,False,1200,52,turns,D17,D20,026,11.599999999999994
PMSG-3phase-Dataset/FAULT_TURNS_D17_D20_R026_S1200_T64.mat,FAULT_TURNS_D17_D20_R026_S1200_T64.mat,34ce8258f37778cf819f4f51a954e909f47b2376,False,1200,64,turns,D17,D20,026,11.599999999999994
PMSG-3phase-Dataset/FAULT_TURNS_D17_D20_R026_S1200_T80.mat,FAULT_TURNS_D17_D20_R026_S1200_T80.mat,735272e7c3cdfeae3abcc19d43ac2277ba7eb0f4,False,1200,80,turns,D17,D20,026,11.599999999999994
PMSG-3phase-Dataset/FAULT_TURNS_D17_D20_R026_S1500_T52.mat,FAULT_TURNS_D17_D20_R026_S1500_T52.mat,5d69a561342ed61e9164df68448500d13ba3e8e5,False,1500,52,turns,D17,D20,026,11.599999999999994
PMSG-3phase-Dataset/FAULT_TURNS_D17_D20_R026_S1500_T64.mat,FAULT_TURNS_D17_D20_R026_S1500_T64.mat,de876ba021a3b41c414b8d3fddc741f87c2fb432,False,1500,64,turns,D17,D20,026,11.599999999999994
PMSG-3phase-Dataset/FAULT_TURNS_D17_D20_R026_S1500_T80.mat,FAULT_TURNS_D17_D20_R026_S1500_T80.mat,227387aafb8e44005e5c28a931689a96c92ee016,False,1500,80,turns,D17,D20,026,11.599999999999994
PMSG-3phase-Dataset/FAULT_TURNS_D17_D20_R026_S1800_T52.mat,FAULT_TURNS_D17_D20_R026_S1800_T52.mat,b58249cebbb6dafc54623e1da4d2425b3cd4e08c,False,1800,52,turns,D17,D20,026,11.599999999999994
PMSG-3phase-Dataset/FAULT_TURNS_D17_D20_R026_S1800_T64.mat,FAULT_TURNS_D17_D20_R026_S1800_T64.mat,d0b3e91c55373e757eb8af9a44d554a2ab440b39,False,1800,64,turns,D17,D20,026,11.599999999999994
PMSG-3phase-Dataset/FAULT_TURNS_D17_D20_R026_S1800_T80.mat,FAULT_TURNS_D17_D20_R026_S1800_T80.mat,c8807b01f91fa4f09140236077fa3c8d0c9756b1,False,1800,80,turns,D17,D20,026,11.599999999999994
PMSG-3phase-Dataset/FAULT_TURNS_D18_D19_R026_S1200_T52.mat,FAULT_TURNS_D18_D19_R026_S1200_T52.mat,6cb191af057ee1aa7b7d1e71bb66ae471d610a3c,False,1200,52,turns,D18,D19,026,7.400000000000006
PMSG-3phase-Dataset/FAULT_TURNS_D18_D19_R026_S1200_T64.mat,FAULT_TURNS_D18_D19_R026_S1200_T64.mat,2763dcccbfff426e77d2be739eb3b5aebb0da09a,False,1200,64,turns,D18,D19,026,7.400000000000006
PMSG-3phase-Dataset/FAULT_TURNS_D18_D19_R026_S1200_T80.mat,FAULT_TURNS_D18_D19_R026_S1200_T80.mat,9c6733509ce6f8fdb897b519d3ac8c4d9ef82eab,False,1200,80,turns,D18,D19,026,7.400000000000006
PMSG-3phase-Dataset/FAULT_TURNS_D18_D19_R026_S1500_T52.mat,FAULT_TURNS_D18_D19_R026_S1500_T52.mat,b9a65f13878f4d466d695b46bb9b051f56e8fff5,False,1500,52,turns,D18,D19,026,7.400000000000006
PMSG-3phase-Dataset/FAULT_TURNS_D18_D19_R026_S1500_T64.mat,FAULT_TURNS_D18_D19_R026_S1500_T64.mat,9c9e7d9da8757d5f5a05263a1027d551773f91a8,False,1500,64,turns,D18,D19,026,7.400000000000006
PMSG-3phase-Dataset/FAULT_TURNS_D18_D19_R026_S1500_T80.mat,FAULT_TURNS_D18_D19_R026_S1500_T80.mat,32f4eebe0d4726f55e9d204ece277766e7286629,False,1500,80,turns,D18,D19,026,7.400000000000006
PMSG-3phase-Dataset/FAULT_TURNS_D18_D19_R026_S1800_T52.mat,FAULT_TURNS_D18_D19_R026_S1800_T52.mat,c439b61050beb514b56cc41f90e7a950f38fea79,False,1800,52,turns,D18,D19,026,7.400000000000006
PMSG-3phase-Dataset/FAULT_TURNS_D18_D19_R026_S1800_T64.mat,FAULT_TURNS_D18_D19_R026_S1800_T64.mat,3c4d99519b0061a4648b7a2afcd1b00c491ba410,False,1800,64,turns,D18,D19,026,7.400000000000006
PMSG-3phase-Dataset/FAULT_TURNS_D18_D19_R026_S1800_T80.mat,FAULT_TURNS_D18_D19_R026_S1800_T80.mat,1685e059757d54aaf47f73b5892c19db59cc117e,False,1800,80,turns,D18,D19,026,7.400000000000006
PMSG-3phase-Dataset/FAULT_TURNS_D21_D22_R026_S1200_T52.mat,FAULT_TURNS_D21_D22_R026_S1200_T52.mat,78cef627bcd089fcf4e26edfdb5e36cd7c0230be,False,1200,52,turns,D21,D22,026,3.8000000000000114
PMSG-3phase-Dataset/FAULT_TURNS_D21_D22_R026_S1200_T64.mat,FAULT_TURNS_D21_D22_R026_S1200_T64.mat,fdd2989a379c57d49208ac58008fac3d5d87d21a,False,1200,64,turns,D21,D22,026,3.8000000000000114
PMSG-3phase-Dataset/FAULT_TURNS_D21_D22_R026_S1200_T80.mat,FAULT_TURNS_D21_D22_R026_S1200_T80.mat,6df7367ac5703379b93a56858dbd0d7067bb8047,False,1200,80,turns,D21,D22,026,3.8000000000000114
PMSG-3phase-Dataset/FAULT_TURNS_D21_D22_R026_S1500_T52.mat,FAULT_TURNS_D21_D22_R026_S1500_T52.mat,5e67640b3b68a4e324c4041a443290bb2c62ecb7,False,1500,52,turns,D21,D22,026,3.8000000000000114
PMSG-3phase-Dataset/FAULT_TURNS_D21_D22_R026_S1500_T64.mat,FAULT_TURNS_D21_D22_R026_S1500_T64.mat,d9284d1249fff8995aa7d86ff0473b47b0c7f6c5,False,1500,64,turns,D21,D22,026,3.8000000000000114
PMSG-3phase-Dataset/FAULT_TURNS_D21_D22_R026_S1500_T80.mat,FAULT_TURNS_D21_D22_R026_S1500_T80.mat,81da7274120f48202105ca0ac903c0053e6ec107,False,1500,80,turns,D21,D22,026,3.8000000000000114
PMSG-3phase-Dataset/FAULT_TURNS_D21_D22_R026_S1800_T52.mat,FAULT_TURNS_D21_D22_R026_S1800_T52.mat,e054e65d37d6b17205ad731eb84bab6f071024f3,False,1800,52,turns,D21,D22,026,3.8000000000000114
PMSG-3phase-Dataset/FAULT_TURNS_D21_D22_R026_S1800_T64.mat,FAULT_TURNS_D21_D22_R026_S1800_T64.mat,8856528dec2c4d8910bc7dd586e368694131ecf1,False,1800,64,turns,D21,D22,026,3.8000000000000114
PMSG-3phase-Dataset/FAULT_TURNS_D21_D22_R026_S1800_T80.mat,FAULT_TURNS_D21_D22_R026_S1800_T80.mat,aaaa0a69499a5187b55f897f1d160a6315c1c747,False,1800,80,turns,D21,D22,026,3.8000000000000114
PMSG-3phase-Dataset/FAULT_TURNS_D23_D24_R026_S1200_T52.mat,FAULT_TURNS_D23_D24_R026_S1200_T52.mat,31290fc8ab581e9750b1b82fb7b8a14d9c0e3dd0,False,1200,52,turns,D23,D24,026,2.8000000000000114
PMSG-3phase-Dataset/FAULT_TURNS_D23_D24_R026_S1200_T64.mat,FAULT_TURNS_D23_D24_R026_S1200_T64.mat,f37de2039f14033b7d5f6d5f54659279cfe53df0,False,1200,64,turns,D23,D24,026,2.8000000000000114
PMSG-3phase-Dataset/FAULT_TURNS_D23_D24_R026_S1200_T80.mat,FAULT_TURNS_D23_D24_R026_S1200_T80.mat,7c9a7c795a0d557e45e9d56724f7c1c7f14d63fb,False,1200,80,turns,D23,D24,026,2.8000000000000114
PMSG-3phase-Dataset/FAULT_TURNS_D23_D24_R026_S1500_T52.mat,FAULT_TURNS_D23_D24_R026_S1500_T52.mat,00bd5fae5f02af2ffa62c487d2384cf7ac544700,False,1500,52,turns,D23,D24,026,2.8000000000000114
PMSG-3phase-Dataset/FAULT_TURNS_D23_D24_R026_S1500_T64.mat,FAULT_TURNS_D23_D24_R026_S1500_T64.mat,f6feef398700beb7ac559eaeefb570925b97b566,False,1500,64,turns,D23,D24,026,2.8000000000000114
PMSG-3phase-Dataset/FAULT_TURNS_D23_D24_R026_S1500_T80.mat,FAULT_TURNS_D23_D24_R026_S1500_T80.mat,528531b1ad3c7ff464cdf37ef7bb8da3c6d67e1f,False,1500,80,turns,D23,D24,026,2.8000000000000114
PMSG-3phase-Dataset/FAULT_TURNS_D23_D24_R026_S1800_T52.mat,FAULT_TURNS_D23_D24_R026_S1800_T52.mat,231d3c6c2bb71adb0c683a5a3892e632c65da40f,False,1800,52,turns,D23,D24,026,2.8000000000000114
PMSG-3phase-Dataset/FAULT_TURNS_D23_D24_R026_S1800_T64.mat,FAULT_TURNS_D23_D24_R026_S1800_T64.mat,d12a0ef6579b78c1642f2e5cd7e7e21f394b0bd6,False,1800,64,turns,D23,D24,026,2.8000000000000114
PMSG-3phase-Dataset/FAULT_TURNS_D23_D24_R026_S1800_T80.mat,FAULT_TURNS_D23_D24_R026_S1800_T80.mat,06b6fee7b5710a5b9170b828f3bab6e5b6f1d742,False,1800,80,turns,D23,D24,026,2.8000000000000114
PMSG-3phase-Dataset/FAULT_WINDINGS_D01_D06_R026_S1200_T52.mat,FAULT_WINDINGS_D01_D06_R026_S1200_T52.mat,fd8172b8f53b8c62486ebfd90ef6f66e06341ce1,False,1200,52,windings,D01,D06,026,14.34
PMSG-3phase-Dataset/FAULT_WINDINGS_D01_D06_R026_S1200_T64.mat,FAULT_WINDINGS_D01_D06_R026_S1200_T64.mat,d525dc357d4ec11085fca65381b8db4c8f535bb8,False,1200,64,windings,D01,D06,026,14.34
PMSG-3phase-Dataset/FAULT_WINDINGS_D01_D06_R026_S1200_T80.mat,FAULT_WINDINGS_D01_D06_R026_S1200_T80.mat,f0c7820466807ae8dde18bfb3e946df0d3c0e5eb,False,1200,80,windings,D01,D06,026,14.34
PMSG-3phase-Dataset/FAULT_WINDINGS_D01_D06_R026_S1500_T52.mat,FAULT_WINDINGS_D01_D06_R026_S1500_T52.mat,d58328d0e36654f9213a21810847925289974e8d,False,1500,52,windings,D01,D06,026,14.34
PMSG-3phase-Dataset/FAULT_WINDINGS_D01_D06_R026_S1500_T64.mat,FAULT_WINDINGS_D01_D06_R026_S1500_T64.mat,49aea38b7a291865de6a8153f93dbb87d100181b,False,1500,64,windings,D01,D06,026,14.34
PMSG-3phase-Dataset/FAULT_WINDINGS_D01_D06_R026_S1500_T80.mat,FAULT_WINDINGS_D01_D06_R026_S1500_T80.mat,499d205513cdefeb80ebe892882e1bc102494461,False,1500,80,windings,D01,D06,026,14.34
PMSG-3phase-Dataset/FAULT_WINDINGS_D01_D06_R026_S1800_T52.mat,FAULT_WINDINGS_D01_D06_R026_S1800_T52.mat,1e4788cb3d4c2338214a48a7cb673acd79fbe359,False,1800,52,windings,D01,D06,026,14.34
PMSG-3phase-Dataset/FAULT_WINDINGS_D01_D06_R026_S1800_T64.mat,FAULT_WINDINGS_D01_D06_R026_S1800_T64.mat,120e4a89436f8677551ff4d7fa9505d5930c8929,False,1800,64,windings,D01,D06,026,14.34
PMSG-3phase-Dataset/FAULT_WINDINGS_D01_D06_R026_S1800_T80.mat,FAULT_WINDINGS_D01_D06_R026_S1800_T80.mat,b1154129c534e255f97ad3f16a3971761e38dfc0,False,1800,80,windings,D01,D06,026,14.34
PMSG-3phase-Dataset/FAULT_WINDINGS_D01_D07_R026_S1200_T52.mat,FAULT_WINDINGS_D01_D07_R026_S1200_T52.mat,8ec0308bdca50f3fc5177b41ff7fc4aeea86ea78,False,1200,52,windings,D01,D07,026,21.74
PMSG-3phase-Dataset/FAULT_WINDINGS_D01_D07_R026_S1200_T64.mat,FAULT_WINDINGS_D01_D07_R026_S1200_T64.mat,cb4f4b8c319b4e3de299868bee65100ceeece304,False,1200,64,windings,D01,D07,026,21.74
PMSG-3phase-Dataset/FAULT_WINDINGS_D01_D07_R026_S1200_T80.mat,FAULT_WINDINGS_D01_D07_R026_S1200_T80.mat,3834f247355e41cdf5dd880be7cb6c8decb652f0,False,1200,80,windings,D01,D07,026,21.74
PMSG-3phase-Dataset/FAULT_WINDINGS_D01_D07_R026_S1500_T52.mat,FAULT_WINDINGS_D01_D07_R026_S1500_T52.mat,ed817a2d7c64e18de7116d421bb097b16923c450,False,1500,52,windings,D01,D07,026,21.74
PMSG-3phase-Dataset/FAULT_WINDINGS_D01_D07_R026_S1500_T64.mat,FAULT_WINDINGS_D01_D07_R026_S1500_T64.mat,39ac599f397b04b63e0d7f4d29021c573334e9df,False,1500,64,windings,D01,D07,026,21.74
PMSG-3phase-Dataset/FAULT_WINDINGS_D01_D07_R026_S1500_T80.mat,FAULT_WINDINGS_D01_D07_R026_S1500_T80.mat,e57e2f9708255757d59897bf5494916abac42f62,False,1500,80,windings,D01,D07,026,21.74
PMSG-3phase-Dataset/FAULT_WINDINGS_D01_D07_R026_S1800_T52.mat,FAULT_WINDINGS_D01_D07_R026_S1800_T52.mat,442d62a6754fd200863f5421f08797b7813fa7d1,False,1800,52,windings,D01,D07,026,21.74
PMSG-3phase-Dataset/FAULT_WINDINGS_D01_D07_R026_S1800_T64.mat,FAULT_WINDINGS_D01_D07_R026_S1800_T64.mat,eb56df94d1ccde8c5ee30e792ce161a7c6f85c4e,False,1800,64,windings,D01,D07,026,21.74
PMSG-3phase-Dataset/FAULT_WINDINGS_D01_D07_R026_S1800_T80.mat,FAULT_WINDINGS_D01_D07_R026_S1800_T80.mat,93734e252f42e3a86c9a09b0b0aa28ac46224c2c,False,1800,80,windings,D01,D07,026,21.74
PMSG-3phase-Dataset/FAULT_WINDINGS_D04_D06_R026_S1200_T52.mat,FAULT_WINDINGS_D04_D06_R026_S1200_T52.mat,6c8818a6fcbf0ecf1bdd4bb7783773728fefecc9,False,1200,52,windings,D04,D06,026,2.3000000000000007
PMSG-3phase-Dataset/FAULT_WINDINGS_D04_D06_R026_S1200_T64.mat,FAULT_WINDINGS_D04_D06_R026_S1200_T64.mat,a0b0293daaef90b8c9656df56b0892ee6c57728d,False,1200,64,windings,D04,D06,026,2.3000000000000007
PMSG-3phase-Dataset/FAULT_WINDINGS_D04_D06_R026_S1200_T80.mat,FAULT_WINDINGS_D04_D06_R026_S1200_T80.mat,42e68433a07f66b4df4f9099703b18f1623eb7e7,False,1200,80,windings,D04,D06,026,2.3000000000000007
PMSG-3phase-Dataset/FAULT_WINDINGS_D04_D06_R026_S1500_T52.mat,FAULT_WINDINGS_D04_D06_R026_S1500_T52.mat,b110bfd868da57c30942bcc6a3162c057199be64,False,1500,52,windings,D04,D06,026,2.3000000000000007
PMSG-3phase-Dataset/FAULT_WINDINGS_D04_D06_R026_S1500_T64.mat,FAULT_WINDINGS_D04_D06_R026_S1500_T64.mat,2001d368d53f99c7a487e7a8e4efe5fe9e5019e0,False,1500,64,windings,D04,D06,026,2.3000000000000007
PMSG-3phase-Dataset/FAULT_WINDINGS_D04_D06_R026_S1500_T80.mat,FAULT_WINDINGS_D04_D06_R026_S1500_T80.mat,6ad6bf19cfac14cfed98a57cf7207f903bb2f191,False,1500,80,windings,D04,D06,026,2.3000000000000007
PMSG-3phase-Dataset/FAULT_WINDINGS_D04_D06_R026_S1800_T52.mat,FAULT_WINDINGS_D04_D06_R026_S1800_T52.mat,c846707f604f3b865f06bdd8da403992c336822c,False,1800,52,windings,D04,D06,026,2.3000000000000007
PMSG-3phase-Dataset/FAULT_WINDINGS_D04_D06_R026_S1800_T64.mat,FAULT_WINDINGS_D04_D06_R026_S1800_T64.mat,9b40aeb69d4359cee0342ff76e620133bab203e4,False,1800,64,windings,D04,D06,026,2.3000000000000007
PMSG-3phase-Dataset/FAULT_WINDINGS_D04_D06_R026_S1800_T80.mat,FAULT_WINDINGS_D04_D06_R026_S1800_T80.mat,72e3a0237e892d34ceff165e9bfc8226054ac999,False,1800,80,windings,D04,D06,026,2.3000000000000007
PMSG-3phase-Dataset/FAULT_WINDINGS_D04_D07_R026_S1200_T52.mat,FAULT_WINDINGS_D04_D07_R026_S1200_T52.mat,349a0db164f32446ccda01c4d8b464115cafb83e,False,1200,52,windings,D04,D07,026,9.7
PMSG-3phase-Dataset/FAULT_WINDINGS_D04_D07_R026_S1200_T64.mat,FAULT_WINDINGS_D04_D07_R026_S1200_T64.mat,b02f572997bb86d26154de2ba24f42c0647fd03e,False,1200,64,windings,D04,D07,026,9.7
PMSG-3phase-Dataset/FAULT_WINDINGS_D04_D07_R026_S1200_T80.mat,FAULT_WINDINGS_D04_D07_R026_S1200_T80.mat,11f512040e3438ffbd68f3d7b4ae508bf0e44530,False,1200,80,windings,D04,D07,026,9.7
PMSG-3phase-Dataset/FAULT_WINDINGS_D04_D07_R026_S1500_T52.mat,FAULT_WINDINGS_D04_D07_R026_S1500_T52.mat,1fd312d81fc8416efdce707e212cc298cb597eb9,False,1500,52,windings,D04,D07,026,9.7
PMSG-3phase-Dataset/FAULT_WINDINGS_D04_D07_R026_S1500_T64.mat,FAULT_WINDINGS_D04_D07_R026_S1500_T64.mat,23e5fe375d5eb8a94c3a5db133c85ca55a0b0a27,False,1500,64,windings,D04,D07,026,9.7
PMSG-3phase-Dataset/FAULT_WINDINGS_D04_D07_R026_S1500_T80.mat,FAULT_WINDINGS_D04_D07_R026_S1500_T80.mat,17210cf0aaae2c0fc2928328c5c8aae7901b7025,False,1500,80,windings,D04,D07,026,9.7
PMSG-3phase-Dataset/FAULT_WINDINGS_D04_D07_R026_S1800_T52.mat,FAULT_WINDINGS_D04_D07_R026_S1800_T52.mat,622a1edf08424ac43f60847bd1fbfde38d0d9e21,False,1800,52,windings,D04,D07,026,9.7
PMSG-3phase-Dataset/FAULT_WINDINGS_D04_D07_R026_S1800_T64.mat,FAULT_WINDINGS_D04_D07_R026_S1800_T64.mat,d7bfd144fe8fe30b90727322054e411f723893e0,False,1800,64,windings,D04,D07,026,9.7
PMSG-3phase-Dataset/FAULT_WINDINGS_D04_D07_R026_S1800_T80.mat,FAULT_WINDINGS_D04_D07_R026_S1800_T80.mat,ccc32588ab39050b627572921216d863fbf9ba85,False,1800,80,windings,D04,D07,026,9.7
PMSG-3phase-Dataset/FAULT_WINDINGS_D11_D21_R026_S1200_T52.mat,FAULT_WINDINGS_D11_D21_R026_S1200_T52.mat,3f2f4254b3b3a912a86a4d11b35f46012d6c3bea,False,1200,52,windings,D11,D21,026,36.39999999999999
PMSG-3phase-Dataset/FAULT_WINDINGS_D11_D21_R026_S1200_T64.mat,FAULT_WINDINGS_D11_D21_R026_S1200_T64.mat,aae8b307964231a53e7d30323253cba6606b8318,False,1200,64,windings,D11,D21,026,36.39999999999999
PMSG-3phase-Dataset/FAULT_WINDINGS_D11_D21_R026_S1200_T80.mat,FAULT_WINDINGS_D11_D21_R026_S1200_T80.mat,b0588199f097335aef661627e5e238d79b1662d2,False,1200,80,windings,D11,D21,026,36.39999999999999
PMSG-3phase-Dataset/FAULT_WINDINGS_D11_D21_R026_S1500_T52.mat,FAULT_WINDINGS_D11_D21_R026_S1500_T52.mat,20ac8061e23145d8c50e4c0d25db32c2a1b9f0f1,False,1500,52,windings,D11,D21,026,36.39999999999999
PMSG-3phase-Dataset/FAULT_WINDINGS_D11_D21_R026_S1500_T64.mat,FAULT_WINDINGS_D11_D21_R026_S1500_T64.mat,71c941d7091fca8940552be3e56ca7c46e328efd,False,1500,64,windings,D11,D21,026,36.39999999999999
PMSG-3phase-Dataset/FAULT_WINDINGS_D11_D21_R026_S1500_T80.mat,FAULT_WINDINGS_D11_D21_R026_S1500_T80.mat,2f80b7ee0ae9f2febc8dfd2d60e0b8ba80cafb96,False,1500,80,windings,D11,D21,026,36.39999999999999
PMSG-3phase-Dataset/FAULT_WINDINGS_D11_D21_R026_S1800_T52.mat,FAULT_WINDINGS_D11_D21_R026_S1800_T52.mat,d9784cde2ee6099c88fad2114e9737e392cde3c4,False,1800,52,windings,D11,D21,026,36.39999999999999
PMSG-3phase-Dataset/FAULT_WINDINGS_D11_D21_R026_S1800_T64.mat,FAULT_WINDINGS_D11_D21_R026_S1800_T64.mat,9959178a98f77f7a2653e93185dba772078ebed9,False,1800,64,windings,D11,D21,026,36.39999999999999
PMSG-3phase-Dataset/FAULT_WINDINGS_D11_D21_R026_S1800_T80.mat,FAULT_WINDINGS_D11_D21_R026_S1800_T80.mat,3d7e5482b6c2002ca763d68d045f7f67ce37633b,False,1800,80,windings,D11,D21,026,36.39999999999999
PMSG-3phase-Dataset/FAULT_WINDINGS_D11_D22_R026_S1200_T52.mat,FAULT_WINDINGS_D11_D22_R026_S1200_T52.mat,d3fdb0d8ced1d63749211219fad28d19188cb0a9,False,1200,52,windings,D11,D22,026,40.2
PMSG-3phase-Dataset/FAULT_WINDINGS_D11_D22_R026_S1200_T64.mat,FAULT_WINDINGS_D11_D22_R026_S1200_T64.mat,c78426c406f0890c0aa0d2c5e349014956044524,False,1200,64,windings,D11,D22,026,40.2
PMSG-3phase-Dataset/FAULT_WINDINGS_D11_D22_R026_S1200_T80.mat,FAULT_WINDINGS_D11_D22_R026_S1200_T80.mat,b2a6d4588300a475c33d8b7454b53a118bf2257f,False,1200,80,windings,D11,D22,026,40.2
PMSG-3phase-Dataset/FAULT_WINDINGS_D11_D22_R026_S1500_T52.mat,FAULT_WINDINGS_D11_D22_R026_S1500_T52.mat,39e399b4c1833ebc98cffa28a6fb0689d4074fc5,False,1500,52,windings,D11,D22,026,40.2
PMSG-3phase-Dataset/FAULT_WINDINGS_D11_D22_R026_S1500_T64.mat,FAULT_WINDINGS_D11_D22_R026_S1500_T64.mat,bb665bda5ded2f647816d282e24bc3c2dcf7f5c5,False,1500,64,windings,D11,D22,026,40.2
PMSG-3phase-Dataset/FAULT_WINDINGS_D11_D22_R026_S1500_T80.mat,FAULT_WINDINGS_D11_D22_R026_S1500_T80.mat,088ea30baf238978d2257dfd37f2d38cd6877c4c,False,1500,80,windings,D11,D22,026,40.2
PMSG-3phase-Dataset/FAULT_WINDINGS_D11_D22_R026_S1800_T52.mat,FAULT_WINDINGS_D11_D22_R026_S1800_T52.mat,e4b60400074701c904baff31b6c565fbeb4306e3,False,1800,52,windings,D11,D22,026,40.2
PMSG-3phase-Dataset/FAULT_WINDINGS_D11_D22_R026_S1800_T64.mat,FAULT_WINDINGS_D11_D22_R026_S1800_T64.mat,e2b0ea3d306075afd0862148e803bc56ce175e84,False,1800,64,windings,D11,D22,026,40.2
PMSG-3phase-Dataset/FAULT_WINDINGS_D11_D22_R026_S1800_T80.mat,FAULT_WINDINGS_D11_D22_R026_S1800_T80.mat,6b54fc8333057a48df584180b90025676264b375,False,1800,80,windings,D11,D22,026,40.2
PMSG-3phase-Dataset/FAULT_WINDINGS_D12_D21_R026_S1200_T52.mat,FAULT_WINDINGS_D12_D21_R026_S1200_T52.mat,fec342aebda61b760cc2ecc0e967bce36208efcb,False,1200,52,windings,D12,D21,026,33.699999999999996
PMSG-3phase-Dataset/FAULT_WINDINGS_D12_D21_R026_S1200_T64.mat,FAULT_WINDINGS_D12_D21_R026_S1200_T64.mat,794d67c0bc98d67b35fbdef471e6d5bdeb4059e1,False,1200,64,windings,D12,D21,026,33.699999999999996
PMSG-3phase-Dataset/FAULT_WINDINGS_D12_D21_R026_S1200_T80.mat,FAULT_WINDINGS_D12_D21_R026_S1200_T80.mat,a6f5933ccc0ee46293895e2a29f896aa7f66f50a,False,1200,80,windings,D12,D21,026,33.699999999999996
PMSG-3phase-Dataset/FAULT_WINDINGS_D12_D21_R026_S1500_T52.mat,FAULT_WINDINGS_D12_D21_R026_S1500_T52.mat,410fe637acad5050f05cda9c9c51e663dea67669,False,1500,52,windings,D12,D21,026,33.699999999999996
PMSG-3phase-Dataset/FAULT_WINDINGS_D12_D21_R026_S1500_T64.mat,FAULT_WINDINGS_D12_D21_R026_S1500_T64.mat,1c3192c07e572ff4295987f8e0b0e66269b88b49,False,1500,64,windings,D12,D21,026,33.699999999999996
PMSG-3phase-Dataset/FAULT_WINDINGS_D12_D21_R026_S1500_T80.mat,FAULT_WINDINGS_D12_D21_R026_S1500_T80.mat,05345c80f28118de0c3470d1fd55b60a96e5f7a8,False,1500,80,windings,D12,D21,026,33.699999999999996
PMSG-3phase-Dataset/FAULT_WINDINGS_D12_D21_R026_S1800_T52.mat,FAULT_WINDINGS_D12_D21_R026_S1800_T52.mat,ce32700248359834013980d0fe379d9e91843661,False,1800,52,windings,D12,D21,026,33.699999999999996
PMSG-3phase-Dataset/FAULT_WINDINGS_D12_D21_R026_S1800_T64.mat,FAULT_WINDINGS_D12_D21_R026_S1800_T64.mat,2de427a441594bd6765d3b6293ff046befe89f77,False,1800,64,windings,D12,D21,026,33.699999999999996
PMSG-3phase-Dataset/FAULT_WINDINGS_D12_D21_R026_S1800_T80.mat,FAULT_WINDINGS_D12_D21_R026_S1800_T80.mat,c0eb0e5302a44ffe6243e4b1ec5ad035595e68cc,False,1800,80,windings,D12,D21,026,33.699999999999996
PMSG-3phase-Dataset/FAULT_WINDINGS_D12_D22_R026_S1200_T52.mat,FAULT_WINDINGS_D12_D22_R026_S1200_T52.mat,69a86b58d93e214093ffeb9c7a6fc5175a851a1f,False,1200,52,windings,D12,D22,026,37.50000000000001
PMSG-3phase-Dataset/FAULT_WINDINGS_D12_D22_R026_S1200_T64.mat,FAULT_WINDINGS_D12_D22_R026_S1200_T64.mat,dac5a4e92613c4287018f2a3ec92a91db5e2099b,False,1200,64,windings,D12,D22,026,37.50000000000001
PMSG-3phase-Dataset/FAULT_WINDINGS_D12_D22_R026_S1200_T80.mat,FAULT_WINDINGS_D12_D22_R026_S1200_T80.mat,ba9c20664533b0edbb1c2ac51a1440ad96413d6a,False,1200,80,windings,D12,D22,026,37.50000000000001
PMSG-3phase-Dataset/FAULT_WINDINGS_D12_D22_R026_S1500_T52.mat,FAULT_WINDINGS_D12_D22_R026_S1500_T52.mat,b3def0657ac74ab70f29e52c933303d555a068c7,False,1500,52,windings,D12,D22,026,37.50000000000001
PMSG-3phase-Dataset/FAULT_WINDINGS_D12_D22_R026_S1500_T64.mat,FAULT_WINDINGS_D12_D22_R026_S1500_T64.mat,99bc675ea08e3187ab74ef289da8d0128096a0a4,False,1500,64,windings,D12,D22,026,37.50000000000001
PMSG-3phase-Dataset/FAULT_WINDINGS_D12_D22_R026_S1500_T80.mat,FAULT_WINDINGS_D12_D22_R026_S1500_T80.mat,8db64a862dbd70ba7623ce5e7aad7bdb262a1a4a,False,1500,80,windings,D12,D22,026,37.50000000000001
PMSG-3phase-Dataset/FAULT_WINDINGS_D12_D22_R026_S1800_T52.mat,FAULT_WINDINGS_D12_D22_R026_S1800_T52.mat,26d1966378995bac6268e7a32809baa48cecee96,False,1800,52,windings,D12,D22,026,37.50000000000001
PMSG-3phase-Dataset/FAULT_WINDINGS_D12_D22_R026_S1800_T64.mat,FAULT_WINDINGS_D12_D22_R026_S1800_T64.mat,149f1ee7acc499daa6540641854108f85b699571,False,1800,64,windings,D12,D22,026,37.50000000000001
PMSG-3phase-Dataset/FAULT_WINDINGS_D12_D22_R026_S1800_T80.mat,FAULT_WINDINGS_D12_D22_R026_S1800_T80.mat,29c19b534ac784427bf4ec8e084d1b187006bc18,False,1800,80,windings,D12,D22,026,37.50000000000001
PMSG-3phase-Dataset/FAULT_WINDINGS_D13_D18_R026_S1200_T52.mat,FAULT_WINDINGS_D13_D18_R026_S1200_T52.mat,6ca4f5ba0cffdb9a151ac86b466546ca99ebf3ce,False,1200,52,windings,D13,D18,026,14.799999999999997
PMSG-3phase-Dataset/FAULT_WINDINGS_D13_D18_R026_S1200_T64.mat,FAULT_WINDINGS_D13_D18_R026_S1200_T64.mat,cc08365e65b1cfad3ece516663271d77e73aa161,False,1200,64,windings,D13,D18,026,14.799999999999997
PMSG-3phase-Dataset/FAULT_WINDINGS_D13_D18_R026_S1200_T80.mat,FAULT_WINDINGS_D13_D18_R026_S1200_T80.mat,ae1263c3932271ccf0a3802a7b4fb7f31bc86f84,False,1200,80,windings,D13,D18,026,14.799999999999997
PMSG-3phase-Dataset/FAULT_WINDINGS_D13_D18_R026_S1500_T52.mat,FAULT_WINDINGS_D13_D18_R026_S1500_T52.mat,976e5c1f7fd8030783d65080a0416887add8be01,False,1500,52,windings,D13,D18,026,14.799999999999997
PMSG-3phase-Dataset/FAULT_WINDINGS_D13_D18_R026_S1500_T64.mat,FAULT_WINDINGS_D13_D18_R026_S1500_T64.mat,4d9a1892f319e84795e5af6b9fe486949b7577e8,False,1500,64,windings,D13,D18,026,14.799999999999997
PMSG-3phase-Dataset/FAULT_WINDINGS_D13_D18_R026_S1500_T80.mat,FAULT_WINDINGS_D13_D18_R026_S1500_T80.mat,8273ac56de61ac886215efc80b48b0a0adfe3731,False,1500,80,windings,D13,D18,026,14.799999999999997
PMSG-3phase-Dataset/FAULT_WINDINGS_D13_D18_R026_S1800_T52.mat,FAULT_WINDINGS_D13_D18_R026_S1800_T52.mat,d591dbb2c571608c233ad79e11dec8e15b0996b6,False,1800,52,windings,D13,D18,026,14.799999999999997
PMSG-3phase-Dataset/FAULT_WINDINGS_D13_D18_R026_S1800_T64.mat,FAULT_WINDINGS_D13_D18_R026_S1800_T64.mat,d0678276875a2389e71657dd073f8fb1ea5276b3,False,1800,64,windings,D13,D18,026,14.799999999999997
PMSG-3phase-Dataset/FAULT_WINDINGS_D13_D18_R026_S1800_T80.mat,FAULT_WINDINGS_D13_D18_R026_S1800_T80.mat,318921a1edc7e942d91bcc3488c79bbbe1935ea3,False,1800,80,windings,D13,D18,026,14.799999999999997
PMSG-3phase-Dataset/FAULT_WINDINGS_D13_D19_R026_S1200_T52.mat,FAULT_WINDINGS_D13_D19_R026_S1200_T52.mat,0905c303d09685db7e0534be7782066c1567a597,False,1200,52,windings,D13,D19,026,22.200000000000003
PMSG-3phase-Dataset/FAULT_WINDINGS_D13_D19_R026_S1200_T64.mat,FAULT_WINDINGS_D13_D19_R026_S1200_T64.mat,614c1347a529999fc263d4291d7f3e26a640a2c4,False,1200,64,windings,D13,D19,026,22.200000000000003
PMSG-3phase-Dataset/FAULT_WINDINGS_D13_D19_R026_S1200_T80.mat,FAULT_WINDINGS_D13_D19_R026_S1200_T80.mat,69ea494534c7ae9738462c528b2cfd5bb3a5ea29,False,1200,80,windings,D13,D19,026,22.200000000000003
PMSG-3phase-Dataset/FAULT_WINDINGS_D13_D19_R026_S1500_T52.mat,FAULT_WINDINGS_D13_D19_R026_S1500_T52.mat,f12805174f2b65589b363ad4aa28605f68ec738a,False,1500,52,windings,D13,D19,026,22.200000000000003
PMSG-3phase-Dataset/FAULT_WINDINGS_D13_D19_R026_S1500_T64.mat,FAULT_WINDINGS_D13_D19_R026_S1500_T64.mat,7e3d591779faf082c385fcf78d30108bb3ecc34c,False,1500,64,windings,D13,D19,026,22.200000000000003
PMSG-3phase-Dataset/FAULT_WINDINGS_D13_D19_R026_S1500_T80.mat,FAULT_WINDINGS_D13_D19_R026_S1500_T80.mat,50f6c9506d7656788bd48dce874ef135f2452bad,False,1500,80,windings,D13,D19,026,22.200000000000003
PMSG-3phase-Dataset/FAULT_WINDINGS_D13_D19_R026_S1800_T52.mat,FAULT_WINDINGS_D13_D19_R026_S1800_T52.mat,44701b60d31fdee7007e2eec32f0c2b9426d6116,False,1800,52,windings,D13,D19,026,22.200000000000003
PMSG-3phase-Dataset/FAULT_WINDINGS_D13_D19_R026_S1800_T64.mat,FAULT_WINDINGS_D13_D19_R026_S1800_T64.mat,ff6f0ed27b3f917aa180a05c791bbbd5068e0e63,False,1800,64,windings,D13,D19,026,22.200000000000003
PMSG-3phase-Dataset/FAULT_WINDINGS_D13_D19_R026_S1800_T80.mat,FAULT_WINDINGS_D13_D19_R026_S1800_T80.mat,25d421437b5486c801dc95f8790f5c931252ee42,False,1800,80,windings,D13,D19,026,22.200000000000003
PMSG-3phase-Dataset/FAULT_WINDINGS_D16_D18_R026_S1200_T52.mat,FAULT_WINDINGS_D16_D18_R026_S1200_T52.mat,630bd74358d72ee95d93c5ba60c74c1cc4b6ef67,False,1200,52,windings,D16,D18,026,3.1999999999999957
PMSG-3phase-Dataset/FAULT_WINDINGS_D16_D18_R026_S1200_T64.mat,FAULT_WINDINGS_D16_D18_R026_S1200_T64.mat,c9410ca9ec2f71fce4afc9ac5c6a57ba05d687f2,False,1200,64,windings,D16,D18,026,3.1999999999999957
PMSG-3phase-Dataset/FAULT_WINDINGS_D16_D18_R026_S1200_T80.mat,FAULT_WINDINGS_D16_D18_R026_S1200_T80.mat,19e4dd97db6ed0b11eee627d2a1a398c9fcf6981,False,1200,80,windings,D16,D18,026,3.1999999999999957
PMSG-3phase-Dataset/FAULT_WINDINGS_D16_D18_R026_S1500_T52.mat,FAULT_WINDINGS_D16_D18_R026_S1500_T52.mat,943efda5e802a00dd37099bf44b42883752211b5,False,1500,52,windings,D16,D18,026,3.1999999999999957
PMSG-3phase-Dataset/FAULT_WINDINGS_D16_D18_R026_S1500_T64.mat,FAULT_WINDINGS_D16_D18_R026_S1500_T64.mat,6c1ca3033ad198b5079a9f6071435778683de6fd,False,1500,64,windings,D16,D18,026,3.1999999999999957
PMSG-3phase-Dataset/FAULT_WINDINGS_D16_D18_R026_S1500_T80.mat,FAULT_WINDINGS_D16_D18_R026_S1500_T80.mat,bf0112b7aca4bec88af05ec793ffdd91f3d05d33,False,1500,80,windings,D16,D18,026,3.1999999999999957
PMSG-3phase-Dataset/FAULT_WINDINGS_D16_D18_R026_S1800_T52.mat,FAULT_WINDINGS_D16_D18_R026_S1800_T52.mat,ae94e73995d553919ad5dae2c08d7040ec9e7cdb,False,1800,52,windings,D16,D18,026,3.1999999999999957
PMSG-3phase-Dataset/FAULT_WINDINGS_D16_D18_R026_S1800_T64.mat,FAULT_WINDINGS_D16_D18_R026_S1800_T64.mat,b0d10fe03770e33691f14121deb603cb200f80de,False,1800,64,windings,D16,D18,026,3.1999999999999957
PMSG-3phase-Dataset/FAULT_WINDINGS_D16_D18_R026_S1800_T80.mat,FAULT_WINDINGS_D16_D18_R026_S1800_T80.mat,bb7f42faef5333d36b892e9433ef0a38d148ac33,False,1800,80,windings,D16,D18,026,3.1999999999999957
PMSG-3phase-Dataset/FAULT_WINDINGS_D16_D19_R026_S1200_T52.mat,FAULT_WINDINGS_D16_D19_R026_S1200_T52.mat,27577ab0ffd1a211753f29a6de9fc532804af209,False,1200,52,windings,D16,D19,026,10.600000000000001
PMSG-3phase-Dataset/FAULT_WINDINGS_D16_D19_R026_S1200_T64.mat,FAULT_WINDINGS_D16_D19_R026_S1200_T64.mat,e4939d9183d61be108fcdc190e723c76406f66a1,False,1200,64,windings,D16,D19,026,10.600000000000001
PMSG-3phase-Dataset/FAULT_WINDINGS_D16_D19_R026_S1200_T80.mat,FAULT_WINDINGS_D16_D19_R026_S1200_T80.mat,dd3bb25c356a20ee312cfb53274d7f95c1543c26,False,1200,80,windings,D16,D19,026,10.600000000000001
PMSG-3phase-Dataset/FAULT_WINDINGS_D16_D19_R026_S1500_T52.mat,FAULT_WINDINGS_D16_D19_R026_S1500_T52.mat,01ee66ec0e0c7891bd9ff41ecf8ea6e58ce31954,False,1500,52,windings,D16,D19,026,10.600000000000001
PMSG-3phase-Dataset/FAULT_WINDINGS_D16_D19_R026_S1500_T64.mat,FAULT_WINDINGS_D16_D19_R026_S1500_T64.mat,bf6bd66262388ff7f35dfb96ba70dc906d6cf27a,False,1500,64,windings,D16,D19,026,10.600000000000001
PMSG-3phase-Dataset/FAULT_WINDINGS_D16_D19_R026_S1500_T80.mat,FAULT_WINDINGS_D16_D19_R026_S1500_T80.mat,0e7d5072c1ce178164bf526659f06f29c6d6c17c,False,1500,80,windings,D16,D19,026,10.600000000000001
PMSG-3phase-Dataset/FAULT_WINDINGS_D16_D19_R026_S1800_T52.mat,FAULT_WINDINGS_D16_D19_R026_S1800_T52.mat,15a59e7707b836465f0e892f4bd84f1fa5c3a7e5,False,1800,52,windings,D16,D19,026,10.600000000000001
PMSG-3phase-Dataset/FAULT_WINDINGS_D16_D19_R026_S1800_T64.mat,FAULT_WINDINGS_D16_D19_R026_S1800_T64.mat,45ef406e2e6413eecdc9e65edc1dea0ae46b2aff,False,1800,64,windings,D16,D19,026,10.600000000000001
PMSG-3phase-Dataset/FAULT_WINDINGS_D16_D19_R026_S1800_T80.mat,FAULT_WINDINGS_D16_D19_R026_S1800_T80.mat,ecbcdf1dc207c2e5d18193653ba0a0b7f215f33c,False,1800,80,windings,D16,D19,026,10.600000000000001
PMSG-3phase-Dataset/HEALTHY_S1200_T52.mat,HEALTHY_S1200_T52.mat,ae6b084e419d46cfae89870d02dc20a61b551182,True,1200,52,,,,,
PMSG-3phase-Dataset/HEALTHY_S1200_T64.mat,HEALTHY_S1200_T64.mat,4239f06dff9b653c27c56e71ece1105b776e54a4,True,1200,64,,,,,
PMSG-3phase-Dataset/HEALTHY_S1200_T80.mat,HEALTHY_S1200_T80.mat,b178828efa1825c92d8531c020a8ad4b1470c27a,True,1200,80,,,,,
PMSG-3phase-Dataset/HEALTHY_S1500_T52.mat,HEALTHY_S1500_T52.mat,f6a597c330674368d76d56f097087100dcbdae17,True,1500,52,,,,,
PMSG-3phase-Dataset/HEALTHY_S1500_T64.mat,HEALTHY_S1500_T64.mat,b13da8b97a1790af414a26e2e3e93b9bb3eeb704,True,1500,64,,,,,
PMSG-3phase-Dataset/HEALTHY_S1500_T80.mat,HEALTHY_S1500_T80.mat,c6f310122087acffc9b0fe358752bee0d2d5c62e,True,1500,80,,,,,
PMSG-3phase-Dataset/HEALTHY_S1800_T52.mat,HEALTHY_S1800_T52.mat,e8f47b357fc8451fe6635f3d84b3b17a8bf19dd0,True,1800,52,,,,,
PMSG-3phase-Dataset/HEALTHY_S1800_T64.mat,HEALTHY_S1800_T64.mat,96f47907e4f3c0872e4d46cc9ac81f63e53a77a6,True,1800,64,,,,,
PMSG-3phase-Dataset/HEALTHY_S1800_T80.mat,HEALTHY_S1800_T80.mat,afa1ae0a944c6ded35b6b4d7b2c6cea13d32c528,True,1800,80,,,,,
