record_id,fault_family,speed_rpm,torque_setting_code,terminal_a,terminal_b,fault_span_percent,topology_id,topology_bucket,outer_fold,threshold,pre_score,pre_session_false_alarm,fault_score,fault_record_detection,first_alarm_window,command_to_alarm_s
fault_turns_d01_d04_r026_s1200_t52,turns,1200,52,D01,D04,12.04,turns__D01__D04,0,0,35.14902738483925,42.86384536786741,True,323.5469598365994,True,0.0,0.2
fault_turns_d01_d04_r026_s1200_t64,turns,1200,64,D01,D04,12.04,turns__D01__D04,0,0,35.14902738483925,43.57562676809705,True,279.6268745706924,True,0.0,0.2
fault_turns_d01_d04_r026_s1200_t80,turns,1200,80,D01,D04,12.04,turns__D01__D04,0,0,35.14902738483925,9.394008971291727,False,153.41525214018472,True,0.0,0.2
fault_turns_d01_d04_r026_s1500_t52,turns,1500,52,D01,D04,12.04,turns__D01__D04,0,0,35.14902738483925,14.196607872443746,False,594.6861931173183,True,0.0,0.2
fault_turns_d01_d04_r026_s1500_t64,turns,1500,64,D01,D04,12.04,turns__D01__D04,0,0,35.14902738483925,13.716938055164412,False,475.3025985815789,True,0.0,0.2
fault_turns_d01_d04_r026_s1500_t80,turns,1500,80,D01,D04,12.04,turns__D01__D04,0,0,35.14902738483925,6.618738748273213,False,194.1438773029181,True,0.0,0.2
fault_turns_d01_d04_r026_s1800_t52,turns,1800,52,D01,D04,12.04,turns__D01__D04,0,0,35.14902738483925,35.26433667246951,True,498.34077128859224,True,0.0,0.2
fault_turns_d01_d04_r026_s1800_t64,turns,1800,64,D01,D04,12.04,turns__D01__D04,0,0,35.14902738483925,22.0467480292048,False,345.43272458713204,True,0.0,0.2
fault_turns_d01_d04_r026_s1800_t80,turns,1800,80,D01,D04,12.04,turns__D01__D04,0,0,35.14902738483925,6.590169557663983,False,256.64182946512597,True,0.0,0.2
fault_turns_d02_d03_r026_s1200_t52,turns,1200,52,D02,D03,7.689999999999999,turns__D02__D03,1,1,88.07532810081307,13.961101040422214,False,108.64764376106335,True,1.0,0.4
fault_turns_d02_d03_r026_s1200_t64,turns,1200,64,D02,D03,7.689999999999999,turns__D02__D03,1,1,88.07532810081307,10.725137451364098,False,55.77690498527708,False,,
fault_turns_d02_d03_r026_s1200_t80,turns,1200,80,D02,D03,7.689999999999999,turns__D02__D03,1,1,88.07532810081307,15.260475661854407,False,44.25141039184406,False,,
fault_turns_d02_d03_r026_s1500_t52,turns,1500,52,D02,D03,7.689999999999999,turns__D02__D03,1,1,88.07532810081307,8.635578108135443,False,68.73796500970457,False,,
fault_turns_d02_d03_r026_s1500_t64,turns,1500,64,D02,D03,7.689999999999999,turns__D02__D03,1,1,88.07532810081307,8.53712369075069,False,62.09787702605229,False,,
fault_turns_d02_d03_r026_s1500_t80,turns,1500,80,D02,D03,7.689999999999999,turns__D02__D03,1,1,88.07532810081307,9.556398000526276,False,52.123795670376225,False,,
fault_turns_d02_d03_r026_s1800_t52,turns,1800,52,D02,D03,7.689999999999999,turns__D02__D03,1,1,88.07532810081307,21.404226133627887,False,289.49742456643565,True,0.0,0.2
fault_turns_d02_d03_r026_s1800_t64,turns,1800,64,D02,D03,7.689999999999999,turns__D02__D03,1,1,88.07532810081307,25.22880396728212,False,133.73278809663617,True,1.0,0.4
fault_turns_d02_d03_r026_s1800_t80,turns,1800,80,D02,D03,7.689999999999999,turns__D02__D03,1,1,88.07532810081307,11.155264805597543,False,85.1284511439649,False,,
fault_turns_d05_d08_r026_s1200_t52,turns,1200,52,D05,D08,12.1,turns__D05__D08,2,2,53.925297866443756,51.94430392631737,False,487.81269085580436,True,0.0,0.2
fault_turns_d05_d08_r026_s1200_t64,turns,1200,64,D05,D08,12.1,turns__D05__D08,2,2,53.925297866443756,13.289131860620223,False,215.02136249246553,True,0.0,0.2
fault_turns_d05_d08_r026_s1200_t80,turns,1200,80,D05,D08,12.1,turns__D05__D08,2,2,53.925297866443756,8.996975642915373,False,137.72055628455172,True,1.0,0.4
fault_turns_d05_d08_r026_s1500_t52,turns,1500,52,D05,D08,12.1,turns__D05__D08,2,2,53.925297866443756,29.476181602573725,False,443.83233090513266,True,0.0,0.2
fault_turns_d05_d08_r026_s1500_t64,turns,1500,64,D05,D08,12.1,turns__D05__D08,2,2,53.925297866443756,27.232721387758723,False,530.8513129568192,True,0.0,0.2
fault_turns_d05_d08_r026_s1500_t80,turns,1500,80,D05,D08,12.1,turns__D05__D08,2,2,53.925297866443756,21.586200433663684,False,375.42015398487524,True,0.0,0.2
fault_turns_d05_d08_r026_s1800_t52,turns,1800,52,D05,D08,12.1,turns__D05__D08,2,2,53.925297866443756,45.48842458139359,False,706.5181974095842,True,0.0,0.2
fault_turns_d05_d08_r026_s1800_t64,turns,1800,64,D05,D08,12.1,turns__D05__D08,2,2,53.925297866443756,17.71592503661732,False,533.739154700924,True,0.0,0.2
fault_turns_d05_d08_r026_s1800_t80,turns,1800,80,D05,D08,12.1,turns__D05__D08,2,2,53.925297866443756,34.17616151922161,False,321.0548550869945,True,0.0,0.2
fault_turns_d06_d07_r026_s1200_t52,turns,1200,52,D06,D07,7.399999999999999,turns__D06__D07,0,0,35.14902738483925,5.807259812240019,False,34.95669186416473,False,,
fault_turns_d06_d07_r026_s1200_t64,turns,1200,64,D06,D07,7.399999999999999,turns__D06__D07,0,0,35.14902738483925,7.549058446296269,False,31.455088286530255,False,,
fault_turns_d06_d07_r026_s1200_t80,turns,1200,80,D06,D07,7.399999999999999,turns__D06__D07,0,0,35.14902738483925,8.942510894934715,False,33.38303935611355,False,,
fault_turns_d06_d07_r026_s1500_t52,turns,1500,52,D06,D07,7.399999999999999,turns__D06__D07,0,0,35.14902738483925,5.458716807079233,False,65.97827897588867,True,1.0,0.4
fault_turns_d06_d07_r026_s1500_t64,turns,1500,64,D06,D07,7.399999999999999,turns__D06__D07,0,0,35.14902738483925,8.839470530080517,False,55.509015338626924,True,1.0,0.4
fault_turns_d06_d07_r026_s1500_t80,turns,1500,80,D06,D07,7.399999999999999,turns__D06__D07,0,0,35.14902738483925,8.513446674092824,False,29.344141018163022,False,,
fault_turns_d06_d07_r026_s1800_t52,turns,1800,52,D06,D07,7.399999999999999,turns__D06__D07,0,0,35.14902738483925,55.25523306636235,True,145.914191013801,True,0.0,0.2
fault_turns_d06_d07_r026_s1800_t64,turns,1800,64,D06,D07,7.399999999999999,turns__D06__D07,0,0,35.14902738483925,34.98257748402356,False,65.01134418522767,True,0.0,0.2
fault_turns_d06_d07_r026_s1800_t80,turns,1800,80,D06,D07,7.399999999999999,turns__D06__D07,0,0,35.14902738483925,20.576936250787014,False,59.36566036760608,True,1.0,0.4
fault_turns_d09_d10_r026_s1200_t52,turns,1200,52,D09,D10,2.799999999999997,turns__D09__D10,1,1,88.07532810081307,11.21885913887604,False,22.304305244170912,False,,
fault_turns_d09_d10_r026_s1200_t64,turns,1200,64,D09,D10,2.799999999999997,turns__D09__D10,1,1,88.07532810081307,12.744239834271596,False,23.12308476657592,False,,
fault_turns_d09_d10_r026_s1200_t80,turns,1200,80,D09,D10,2.799999999999997,turns__D09__D10,1,1,88.07532810081307,19.5270719023562,False,47.29227655036921,False,,
fault_turns_d09_d10_r026_s1500_t52,turns,1500,52,D09,D10,2.799999999999997,turns__D09__D10,1,1,88.07532810081307,10.729443050475588,False,29.128781684040497,False,,
fault_turns_d09_d10_r026_s1500_t64,turns,1500,64,D09,D10,2.799999999999997,turns__D09__D10,1,1,88.07532810081307,17.74667913421184,False,63.76720714354721,False,,
fault_turns_d09_d10_r026_s1500_t80,turns,1500,80,D09,D10,2.799999999999997,turns__D09__D10,1,1,88.07532810081307,14.280265755601583,False,28.2784018751466,False,,
fault_turns_d09_d10_r026_s1800_t52,turns,1800,52,D09,D10,2.799999999999997,turns__D09__D10,1,1,88.07532810081307,22.116429395518203,False,116.02165168927993,True,1.0,0.4
fault_turns_d09_d10_r026_s1800_t64,turns,1800,64,D09,D10,2.799999999999997,turns__D09__D10,1,1,88.07532810081307,28.8901806609596,False,91.0975090105685,True,1.0,0.4
fault_turns_d09_d10_r026_s1800_t80,turns,1800,80,D09,D10,2.799999999999997,turns__D09__D10,1,1,88.07532810081307,20.401618609033857,False,37.55463799092031,False,,
fault_turns_d11_d12_r026_s1200_t52,turns,1200,52,D11,D12,2.699999999999996,turns__D11__D12,2,2,53.925297866443756,21.12909682372338,False,27.806700906558067,False,,
fault_turns_d11_d12_r026_s1200_t64,turns,1200,64,D11,D12,2.699999999999996,turns__D11__D12,2,2,53.925297866443756,8.401293165166527,False,21.456857047955772,False,,
fault_turns_d11_d12_r026_s1200_t80,turns,1200,80,D11,D12,2.699999999999996,turns__D11__D12,2,2,53.925297866443756,41.620379583397195,False,35.69618380431317,False,,
fault_turns_d11_d12_r026_s1500_t52,turns,1500,52,D11,D12,2.699999999999996,turns__D11__D12,2,2,53.925297866443756,41.62107383152325,False,35.894868855948594,False,,
fault_turns_d11_d12_r026_s1500_t64,turns,1500,64,D11,D12,2.699999999999996,turns__D11__D12,2,2,53.925297866443756,7.774078181380521,False,14.11530285967306,False,,
fault_turns_d11_d12_r026_s1500_t80,turns,1500,80,D11,D12,2.699999999999996,turns__D11__D12,2,2,53.925297866443756,19.882866304079023,False,38.65437525945695,False,,
fault_turns_d11_d12_r026_s1800_t52,turns,1800,52,D11,D12,2.699999999999996,turns__D11__D12,2,2,53.925297866443756,142.89437909649996,True,131.69180706366905,True,0.0,0.2
fault_turns_d11_d12_r026_s1800_t64,turns,1800,64,D11,D12,2.699999999999996,turns__D11__D12,2,2,53.925297866443756,28.48038756908485,False,60.91686098440195,True,0.0,0.2
fault_turns_d11_d12_r026_s1800_t80,turns,1800,80,D11,D12,2.699999999999996,turns__D11__D12,2,2,53.925297866443756,22.87029915938885,False,22.934650857926965,False,,
fault_turns_d13_d16_r026_s1200_t52,turns,1200,52,D13,D16,11.6,turns__D13__D16,0,0,35.14902738483925,4.663233197158601,False,63.91975735125831,True,1.0,0.4
fault_turns_d13_d16_r026_s1200_t64,turns,1200,64,D13,D16,11.6,turns__D13__D16,0,0,35.14902738483925,8.744970177661255,False,35.02351356813604,False,,
fault_turns_d13_d16_r026_s1200_t80,turns,1200,80,D13,D16,11.6,turns__D13__D16,0,0,35.14902738483925,6.998132508967222,False,75.70967694948352,True,0.0,0.2
fault_turns_d13_d16_r026_s1500_t52,turns,1500,52,D13,D16,11.6,turns__D13__D16,0,0,35.14902738483925,10.655574180994064,False,175.2625404424552,True,0.0,0.2
fault_turns_d13_d16_r026_s1500_t64,turns,1500,64,D13,D16,11.6,turns__D13__D16,0,0,35.14902738483925,7.666936293377681,False,106.90785716793201,True,0.0,0.2
fault_turns_d13_d16_r026_s1500_t80,turns,1500,80,D13,D16,11.6,turns__D13__D16,0,0,35.14902738483925,4.848036254157366,False,73.1830787631566,True,0.0,0.2
fault_turns_d13_d16_r026_s1800_t52,turns,1800,52,D13,D16,11.6,turns__D13__D16,0,0,35.14902738483925,13.846856607592674,False,293.0153199401052,True,0.0,0.2
fault_turns_d13_d16_r026_s1800_t64,turns,1800,64,D13,D16,11.6,turns__D13__D16,0,0,35.14902738483925,10.910307082458425,False,213.0860464497341,True,0.0,0.2
fault_turns_d13_d16_r026_s1800_t80,turns,1800,80,D13,D16,11.6,turns__D13__D16,0,0,35.14902738483925,22.74799919932005,False,151.2321388958461,True,0.0,0.2
fault_turns_d14_d15_r026_s1200_t52,turns,1200,52,D14,D15,7.400000000000006,turns__D14__D15,1,1,88.07532810081307,11.710126297698622,False,51.804036755819745,False,,
fault_turns_d14_d15_r026_s1200_t64,turns,1200,64,D14,D15,7.400000000000006,turns__D14__D15,1,1,88.07532810081307,9.250475657056752,False,39.73295801606663,False,,
fault_turns_d14_d15_r026_s1200_t80,turns,1200,80,D14,D15,7.400000000000006,turns__D14__D15,1,1,88.07532810081307,20.17624200181816,False,51.48234754039112,False,,
fault_turns_d14_d15_r026_s1500_t52,turns,1500,52,D14,D15,7.400000000000006,turns__D14__D15,1,1,88.07532810081307,28.037836641208763,False,218.045806363137,True,0.0,0.2
fault_turns_d14_d15_r026_s1500_t64,turns,1500,64,D14,D15,7.400000000000006,turns__D14__D15,1,1,88.07532810081307,6.115659251379984,False,109.48698694697342,True,1.0,0.4
fault_turns_d14_d15_r026_s1500_t80,turns,1500,80,D14,D15,7.400000000000006,turns__D14__D15,1,1,88.07532810081307,14.003680443934526,False,50.187351148672164,False,,
fault_turns_d14_d15_r026_s1800_t52,turns,1800,52,D14,D15,7.400000000000006,turns__D14__D15,1,1,88.07532810081307,16.802143279047286,False,184.29032883465823,True,0.0,0.2
fault_turns_d14_d15_r026_s1800_t64,turns,1800,64,D14,D15,7.400000000000006,turns__D14__D15,1,1,88.07532810081307,10.019391711000475,False,195.47814416078313,True,1.0,0.4
fault_turns_d14_d15_r026_s1800_t80,turns,1800,80,D14,D15,7.400000000000006,turns__D14__D15,1,1,88.07532810081307,15.430981214841804,False,133.26876227344383,True,1.0,0.4
fault_turns_d17_d20_r026_s1200_t52,turns,1200,52,D17,D20,11.599999999999994,turns__D17__D20,2,2,53.925297866443756,16.695508108977844,False,329.54182542056486,True,0.0,0.2
fault_turns_d17_d20_r026_s1200_t64,turns,1200,64,D17,D20,11.599999999999994,turns__D17__D20,2,2,53.925297866443756,19.83392289355539,False,209.53064399318214,True,0.0,0.2
fault_turns_d17_d20_r026_s1200_t80,turns,1200,80,D17,D20,11.599999999999994,turns__D17__D20,2,2,53.925297866443756,15.706774561533422,False,152.79674070252216,True,0.0,0.2
fault_turns_d17_d20_r026_s1500_t52,turns,1500,52,D17,D20,11.599999999999994,turns__D17__D20,2,2,53.925297866443756,5.183757034908041,False,402.69000289337293,True,0.0,0.2
fault_turns_d17_d20_r026_s1500_t64,turns,1500,64,D17,D20,11.599999999999994,turns__D17__D20,2,2,53.925297866443756,5.9234647983913025,False,206.35579746422934,True,0.0,0.2
fault_turns_d17_d20_r026_s1500_t80,turns,1500,80,D17,D20,11.599999999999994,turns__D17__D20,2,2,53.925297866443756,9.11367229210968,False,193.98825795545235,True,0.0,0.2
fault_turns_d17_d20_r026_s1800_t52,turns,1800,52,D17,D20,11.599999999999994,turns__D17__D20,2,2,53.925297866443756,41.5958574036887,False,517.8135756411567,True,0.0,0.2
fault_turns_d17_d20_r026_s1800_t64,turns,1800,64,D17,D20,11.599999999999994,turns__D17__D20,2,2,53.925297866443756,12.056614123841948,False,217.63098653113644,True,0.0,0.2
fault_turns_d17_d20_r026_s1800_t80,turns,1800,80,D17,D20,11.599999999999994,turns__D17__D20,2,2,53.925297866443756,12.851224572929667,False,230.48301437118826,True,0.0,0.2
fault_turns_d18_d19_r026_s1200_t52,turns,1200,52,D18,D19,7.400000000000006,turns__D18__D19,0,0,35.14902738483925,13.541669610653955,False,30.71833527534714,False,,
fault_turns_d18_d19_r026_s1200_t64,turns,1200,64,D18,D19,7.400000000000006,turns__D18__D19,0,0,35.14902738483925,9.517776145644872,False,18.554640566774538,False,,
fault_turns_d18_d19_r026_s1200_t80,turns,1200,80,D18,D19,7.400000000000006,turns__D18__D19,0,0,35.14902738483925,6.436631530242046,False,28.558497275270405,False,,
fault_turns_d18_d19_r026_s1500_t52,turns,1500,52,D18,D19,7.400000000000006,turns__D18__D19,0,0,35.14902738483925,30.504151095200896,False,31.24795359014561,False,,
fault_turns_d18_d19_r026_s1500_t64,turns,1500,64,D18,D19,7.400000000000006,turns__D18__D19,0,0,35.14902738483925,4.910821636893301,False,24.691262254731296,False,,
fault_turns_d18_d19_r026_s1500_t80,turns,1500,80,D18,D19,7.400000000000006,turns__D18__D19,0,0,35.14902738483925,7.002147392171619,False,43.03518174807556,True,1.0,0.4
fault_turns_d18_d19_r026_s1800_t52,turns,1800,52,D18,D19,7.400000000000006,turns__D18__D19,0,0,35.14902738483925,14.330647075711042,False,56.81316681850295,True,1.0,0.4
fault_turns_d18_d19_r026_s1800_t64,turns,1800,64,D18,D19,7.400000000000006,turns__D18__D19,0,0,35.14902738483925,17.687689777905952,False,39.893863530488794,True,1.0,0.4
fault_turns_d18_d19_r026_s1800_t80,turns,1800,80,D18,D19,7.400000000000006,turns__D18__D19,0,0,35.14902738483925,16.986888615768812,False,39.67748177774806,True,1.0,0.4
fault_turns_d21_d22_r026_s1200_t52,turns,1200,52,D21,D22,3.8000000000000114,turns__D21__D22,1,1,88.07532810081307,25.11693024352839,False,49.604915765878,False,,
fault_turns_d21_d22_r026_s1200_t64,turns,1200,64,D21,D22,3.8000000000000114,turns__D21__D22,1,1,88.07532810081307,17.699594946721756,False,28.953726439011028,False,,
fault_turns_d21_d22_r026_s1200_t80,turns,1200,80,D21,D22,3.8000000000000114,turns__D21__D22,1,1,88.07532810081307,33.77540943067928,False,31.859712352143482,False,,
fault_turns_d21_d22_r026_s1500_t52,turns,1500,52,D21,D22,3.8000000000000114,turns__D21__D22,1,1,88.07532810081307,12.634276066218291,False,30.489770107327864,False,,
fault_turns_d21_d22_r026_s1500_t64,turns,1500,64,D21,D22,3.8000000000000114,turns__D21__D22,1,1,88.07532810081307,10.57245412381,False,45.874041104112294,False,,
fault_turns_d21_d22_r026_s1500_t80,turns,1500,80,D21,D22,3.8000000000000114,turns__D21__D22,1,1,88.07532810081307,13.731882241442044,False,20.849619415291315,False,,
fault_turns_d21_d22_r026_s1800_t52,turns,1800,52,D21,D22,3.8000000000000114,turns__D21__D22,1,1,88.07532810081307,14.17593770965573,False,45.434915055134,False,,
fault_turns_d21_d22_r026_s1800_t64,turns,1800,64,D21,D22,3.8000000000000114,turns__D21__D22,1,1,88.07532810081307,16.733800203564456,False,25.50429582227014,False,,
fault_turns_d21_d22_r026_s1800_t80,turns,1800,80,D21,D22,3.8000000000000114,turns__D21__D22,1,1,88.07532810081307,22.74936430497137,False,38.645045936555846,False,,
fault_turns_d23_d24_r026_s1200_t52,turns,1200,52,D23,D24,2.800000000000012,turns__D23__D24,2,2,53.925297866443756,20.565681890968143,False,47.59947137032869,False,,
fault_turns_d23_d24_r026_s1200_t64,turns,1200,64,D23,D24,2.800000000000012,turns__D23__D24,2,2,53.925297866443756,55.6139297889348,True,21.212007193605317,False,,
fault_turns_d23_d24_r026_s1200_t80,turns,1200,80,D23,D24,2.800000000000012,turns__D23__D24,2,2,53.925297866443756,17.85765148132367,False,44.012867461215755,False,,
fault_turns_d23_d24_r026_s1500_t52,turns,1500,52,D23,D24,2.800000000000012,turns__D23__D24,2,2,53.925297866443756,14.141893047245548,False,36.91940210726078,False,,
fault_turns_d23_d24_r026_s1500_t64,turns,1500,64,D23,D24,2.800000000000012,turns__D23__D24,2,2,53.925297866443756,14.724998392619714,False,29.1115468348669,False,,
fault_turns_d23_d24_r026_s1500_t80,turns,1500,80,D23,D24,2.800000000000012,turns__D23__D24,2,2,53.925297866443756,10.32793459573103,False,34.98052696289368,False,,
fault_turns_d23_d24_r026_s1800_t52,turns,1800,52,D23,D24,2.800000000000012,turns__D23__D24,2,2,53.925297866443756,31.81298636715461,False,75.09404132251117,True,1.0,0.4
fault_turns_d23_d24_r026_s1800_t64,turns,1800,64,D23,D24,2.800000000000012,turns__D23__D24,2,2,53.925297866443756,63.878259886533115,True,46.85149355205692,False,,
fault_turns_d23_d24_r026_s1800_t80,turns,1800,80,D23,D24,2.800000000000012,turns__D23__D24,2,2,53.925297866443756,27.294044021270807,False,31.70476683324275,False,,
fault_windings_d01_d06_r026_s1200_t52,windings,1200,52,D01,D06,14.34,windings__D01__D06,0,0,35.14902738483925,10.163604997901718,False,1232.283547682049,True,0.0,0.2
fault_windings_d01_d06_r026_s1200_t64,windings,1200,64,D01,D06,14.34,windings__D01__D06,0,0,35.14902738483925,14.707085621750931,False,786.5832953003886,True,0.0,0.2
fault_windings_d01_d06_r026_s1200_t80,windings,1200,80,D01,D06,14.34,windings__D01__D06,0,0,35.14902738483925,7.885785756799966,False,454.96853565877564,True,0.0,0.2
fault_windings_d01_d06_r026_s1500_t52,windings,1500,52,D01,D06,14.34,windings__D01__D06,0,0,35.14902738483925,9.260447500784238,False,2205.5794111451287,True,0.0,0.2
fault_windings_d01_d06_r026_s1500_t64,windings,1500,64,D01,D06,14.34,windings__D01__D06,0,0,35.14902738483925,12.191680651723068,False,1424.1598527850642,True,0.0,0.2
fault_windings_d01_d06_r026_s1500_t80,windings,1500,80,D01,D06,14.34,windings__D01__D06,0,0,35.14902738483925,9.548893882770141,False,726.7921131319207,True,0.0,0.2
fault_windings_d01_d06_r026_s1800_t52,windings,1800,52,D01,D06,14.34,windings__D01__D06,0,0,35.14902738483925,8.854538730127985,False,1890.6720560230992,True,0.0,0.2
fault_windings_d01_d06_r026_s1800_t64,windings,1800,64,D01,D06,14.34,windings__D01__D06,0,0,35.14902738483925,28.385641220467733,False,1064.8140089352294,True,0.0,0.2
fault_windings_d01_d06_r026_s1800_t80,windings,1800,80,D01,D06,14.34,windings__D01__D06,0,0,35.14902738483925,15.886335626729489,False,678.3760040081703,True,0.0,0.2
fault_windings_d01_d07_r026_s1200_t52,windings,1200,52,D01,D07,21.74,windings__D01__D07,1,1,88.07532810081307,35.009794454370464,False,6985.80488583723,True,0.0,0.2
fault_windings_d01_d07_r026_s1200_t64,windings,1200,64,D01,D07,21.74,windings__D01__D07,1,1,88.07532810081307,15.328257517004161,False,4640.197077602034,True,0.0,0.2
fault_windings_d01_d07_r026_s1200_t80,windings,1200,80,D01,D07,21.74,windings__D01__D07,1,1,88.07532810081307,11.962399476329285,False,3866.2842799083833,True,0.0,0.2
fault_windings_d01_d07_r026_s1500_t52,windings,1500,52,D01,D07,21.74,windings__D01__D07,1,1,88.07532810081307,23.43428466047611,False,12755.574772509397,True,0.0,0.2
fault_windings_d01_d07_r026_s1500_t64,windings,1500,64,D01,D07,21.74,windings__D01__D07,1,1,88.07532810081307,9.564230485729311,False,7682.283621128598,True,0.0,0.2
fault_windings_d01_d07_r026_s1500_t80,windings,1500,80,D01,D07,21.74,windings__D01__D07,1,1,88.07532810081307,21.820553927695585,False,4695.541979778535,True,0.0,0.2
fault_windings_d01_d07_r026_s1800_t52,windings,1800,52,D01,D07,21.74,windings__D01__D07,1,1,88.07532810081307,18.769457224434415,False,18782.15988130791,True,0.0,0.2
fault_windings_d01_d07_r026_s1800_t64,windings,1800,64,D01,D07,21.74,windings__D01__D07,1,1,88.07532810081307,17.979032174655373,False,10817.439981810867,True,0.0,0.2
fault_windings_d01_d07_r026_s1800_t80,windings,1800,80,D01,D07,21.74,windings__D01__D07,1,1,88.07532810081307,15.996228267768402,False,5088.285760099459,True,0.0,0.2
fault_windings_d04_d06_r026_s1200_t52,windings,1200,52,D04,D06,2.3000000000000007,windings__D04__D06,2,2,53.925297866443756,24.796786610833443,False,23.811325964803977,False,,
fault_windings_d04_d06_r026_s1200_t64,windings,1200,64,D04,D06,2.3000000000000007,windings__D04__D06,2,2,53.925297866443756,15.733107925224461,False,48.21814253464228,False,,
fault_windings_d04_d06_r026_s1200_t80,windings,1200,80,D04,D06,2.3000000000000007,windings__D04__D06,2,2,53.925297866443756,21.22442046267215,False,45.143809410532896,False,,
fault_windings_d04_d06_r026_s1500_t52,windings,1500,52,D04,D06,2.3000000000000007,windings__D04__D06,2,2,53.925297866443756,22.898826466054537,False,37.830607864678846,False,,
fault_windings_d04_d06_r026_s1500_t64,windings,1500,64,D04,D06,2.3000000000000007,windings__D04__D06,2,2,53.925297866443756,55.751138376946486,True,96.56150146335108,True,0.0,0.2
fault_windings_d04_d06_r026_s1500_t80,windings,1500,80,D04,D06,2.3000000000000007,windings__D04__D06,2,2,53.925297866443756,20.180982021816135,False,38.26782762756748,False,,
fault_windings_d04_d06_r026_s1800_t52,windings,1800,52,D04,D06,2.3000000000000007,windings__D04__D06,2,2,53.925297866443756,29.87638502625738,False,96.07147505173144,True,0.0,0.2
fault_windings_d04_d06_r026_s1800_t64,windings,1800,64,D04,D06,2.3000000000000007,windings__D04__D06,2,2,53.925297866443756,123.53036975655908,True,196.75411804481257,True,0.0,0.2
fault_windings_d04_d06_r026_s1800_t80,windings,1800,80,D04,D06,2.3000000000000007,windings__D04__D06,2,2,53.925297866443756,30.126266796444604,False,163.10669007777562,True,0.0,0.2
fault_windings_d04_d07_r026_s1200_t52,windings,1200,52,D04,D07,9.7,windings__D04__D07,0,0,35.14902738483925,27.660987784631722,False,238.5911259552919,True,0.0,0.2
fault_windings_d04_d07_r026_s1200_t64,windings,1200,64,D04,D07,9.7,windings__D04__D07,0,0,35.14902738483925,13.681428890988858,False,185.52515967486903,True,0.0,0.2
fault_windings_d04_d07_r026_s1200_t80,windings,1200,80,D04,D07,9.7,windings__D04__D07,0,0,35.14902738483925,12.073977234582696,False,141.85109017006937,True,0.0,0.2
fault_windings_d04_d07_r026_s1500_t52,windings,1500,52,D04,D07,9.7,windings__D04__D07,0,0,35.14902738483925,7.6171684827421515,False,385.58502119353244,True,0.0,0.2
fault_windings_d04_d07_r026_s1500_t64,windings,1500,64,D04,D07,9.7,windings__D04__D07,0,0,35.14902738483925,6.429572858572243,False,183.46417785688743,True,0.0,0.2
fault_windings_d04_d07_r026_s1500_t80,windings,1500,80,D04,D07,9.7,windings__D04__D07,0,0,35.14902738483925,86.90525031452833,True,124.54659166245129,True,0.0,0.2
fault_windings_d04_d07_r026_s1800_t52,windings,1800,52,D04,D07,9.7,windings__D04__D07,0,0,35.14902738483925,40.039924049846434,True,267.11715375933767,True,0.0,0.2
fault_windings_d04_d07_r026_s1800_t64,windings,1800,64,D04,D07,9.7,windings__D04__D07,0,0,35.14902738483925,22.068889700860197,False,201.08059083068434,True,0.0,0.2
fault_windings_d04_d07_r026_s1800_t80,windings,1800,80,D04,D07,9.7,windings__D04__D07,0,0,35.14902738483925,26.998879204266316,False,142.2988977271175,True,0.0,0.2
fault_windings_d11_d21_r026_s1200_t52,windings,1200,52,D11,D21,36.39999999999999,windings__D11__D21,1,1,88.07532810081307,34.2117486536391,False,320912.9493261534,True,0.0,0.2
fault_windings_d11_d21_r026_s1200_t64,windings,1200,64,D11,D21,36.39999999999999,windings__D11__D21,1,1,88.07532810081307,19.780909705644728,False,122124.45976674822,True,0.0,0.2
fault_windings_d11_d21_r026_s1200_t80,windings,1200,80,D11,D21,36.39999999999999,windings__D11__D21,1,1,88.07532810081307,6.83577827733889,False,28184.814585526587,True,0.0,0.2
fault_windings_d11_d21_r026_s1500_t52,windings,1500,52,D11,D21,36.39999999999999,windings__D11__D21,1,1,88.07532810081307,13.460682215985699,False,988814.6160597841,True,0.0,0.2
fault_windings_d11_d21_r026_s1500_t64,windings,1500,64,D11,D21,36.39999999999999,windings__D11__D21,1,1,88.07532810081307,18.874537947498386,False,510761.6969126799,True,0.0,0.2
fault_windings_d11_d21_r026_s1500_t80,windings,1500,80,D11,D21,36.39999999999999,windings__D11__D21,1,1,88.07532810081307,10.455117046490876,False,154602.25973687874,True,0.0,0.2
fault_windings_d11_d21_r026_s1800_t52,windings,1800,52,D11,D21,36.39999999999999,windings__D11__D21,1,1,88.07532810081307,70.30157541497884,False,1509402.3626979236,True,0.0,0.2
fault_windings_d11_d21_r026_s1800_t64,windings,1800,64,D11,D21,36.39999999999999,windings__D11__D21,1,1,88.07532810081307,15.281051121809291,False,1179964.1640295018,True,0.0,0.2
fault_windings_d11_d21_r026_s1800_t80,windings,1800,80,D11,D21,36.39999999999999,windings__D11__D21,1,1,88.07532810081307,14.466658328411599,False,349836.9985838139,True,0.0,0.2
fault_windings_d11_d22_r026_s1200_t52,windings,1200,52,D11,D22,40.2,windings__D11__D22,2,2,53.925297866443756,27.65695655027519,False,854915.9378487455,True,0.0,0.2
fault_windings_d11_d22_r026_s1200_t64,windings,1200,64,D11,D22,40.2,windings__D11__D22,2,2,53.925297866443756,6.142195360445882,False,209601.98197786428,True,0.0,0.2
fault_windings_d11_d22_r026_s1200_t80,windings,1200,80,D11,D22,40.2,windings__D11__D22,2,2,53.925297866443756,10.610193080009047,False,60161.391897200585,True,0.0,0.2
fault_windings_d11_d22_r026_s1500_t52,windings,1500,52,D11,D22,40.2,windings__D11__D22,2,2,53.925297866443756,26.369089745455916,False,1419591.4178341534,True,0.0,0.2
fault_windings_d11_d22_r026_s1500_t64,windings,1500,64,D11,D22,40.2,windings__D11__D22,2,2,53.925297866443756,25.323194083596597,False,795108.8619176403,True,0.0,0.2
fault_windings_d11_d22_r026_s1500_t80,windings,1500,80,D11,D22,40.2,windings__D11__D22,2,2,53.925297866443756,16.790561834946885,False,218204.896437294,True,0.0,0.2
fault_windings_d11_d22_r026_s1800_t52,windings,1800,52,D11,D22,40.2,windings__D11__D22,2,2,53.925297866443756,41.06639851012561,False,867349.5776916053,True,0.0,0.2
fault_windings_d11_d22_r026_s1800_t64,windings,1800,64,D11,D22,40.2,windings__D11__D22,2,2,53.925297866443756,13.637610366278683,False,1431880.0127234114,True,0.0,0.2
fault_windings_d11_d22_r026_s1800_t80,windings,1800,80,D11,D22,40.2,windings__D11__D22,2,2,53.925297866443756,19.743505220102154,False,766300.339489566,True,0.0,0.2
fault_windings_d12_d21_r026_s1200_t52,windings,1200,52,D12,D21,33.7,windings__D12__D21,0,0,35.14902738483925,15.084063339038423,False,79056.83938677463,True,0.0,0.2
fault_windings_d12_d21_r026_s1200_t64,windings,1200,64,D12,D21,33.7,windings__D12__D21,0,0,35.14902738483925,6.929538716716758,False,32995.7289992905,True,0.0,0.2
fault_windings_d12_d21_r026_s1200_t80,windings,1200,80,D12,D21,33.7,windings__D12__D21,0,0,35.14902738483925,12.15156660041108,False,8686.209675603806,True,0.0,0.2
fault_windings_d12_d21_r026_s1500_t52,windings,1500,52,D12,D21,33.7,windings__D12__D21,0,0,35.14902738483925,7.4887452959064875,False,431457.7128066,True,0.0,0.2
fault_windings_d12_d21_r026_s1500_t64,windings,1500,64,D12,D21,33.7,windings__D12__D21,0,0,35.14902738483925,10.417790746338813,False,129338.57752095471,True,0.0,0.2
fault_windings_d12_d21_r026_s1500_t80,windings,1500,80,D12,D21,33.7,windings__D12__D21,0,0,35.14902738483925,11.970285567788533,False,43006.44066812354,True,0.0,0.2
fault_windings_d12_d21_r026_s1800_t52,windings,1800,52,D12,D21,33.7,windings__D12__D21,0,0,35.14902738483925,41.10373824408767,True,1269933.345707926,True,0.0,0.2
fault_windings_d12_d21_r026_s1800_t64,windings,1800,64,D12,D21,33.7,windings__D12__D21,0,0,35.14902738483925,23.471978789634406,False,429221.1184998208,True,0.0,0.2
fault_windings_d12_d21_r026_s1800_t80,windings,1800,80,D12,D21,33.7,windings__D12__D21,0,0,35.14902738483925,8.621365738057978,False,86036.2955024878,True,0.0,0.2
fault_windings_d12_d22_r026_s1200_t52,windings,1200,52,D12,D22,37.50000000000001,windings__D12__D22,1,1,88.07532810081307,16.029973417510952,False,385622.77558409306,True,0.0,0.2
fault_windings_d12_d22_r026_s1200_t64,windings,1200,64,D12,D22,37.50000000000001,windings__D12__D22,1,1,88.07532810081307,14.335185906319452,False,144533.92732914916,True,0.0,0.2
fault_windings_d12_d22_r026_s1200_t80,windings,1200,80,D12,D22,37.50000000000001,windings__D12__D22,1,1,88.07532810081307,11.150082583292651,False,28523.84715733401,True,0.0,0.2
fault_windings_d12_d22_r026_s1500_t52,windings,1500,52,D12,D22,37.50000000000001,windings__D12__D22,1,1,88.07532810081307,8.973440443881517,False,1026867.108833602,True,0.0,0.2
fault_windings_d12_d22_r026_s1500_t64,windings,1500,64,D12,D22,37.50000000000001,windings__D12__D22,1,1,88.07532810081307,5.805942015043385,False,512078.60877815867,True,0.0,0.2
fault_windings_d12_d22_r026_s1500_t80,windings,1500,80,D12,D22,37.50000000000001,windings__D12__D22,1,1,88.07532810081307,22.735831078644317,False,150111.32005131495,True,0.0,0.2
fault_windings_d12_d22_r026_s1800_t52,windings,1800,52,D12,D22,37.50000000000001,windings__D12__D22,1,1,88.07532810081307,17.3701776362022,False,1403886.8604694135,True,0.0,0.2
fault_windings_d12_d22_r026_s1800_t64,windings,1800,64,D12,D22,37.50000000000001,windings__D12__D22,1,1,88.07532810081307,15.254444855627863,False,1339142.0035300506,True,0.0,0.2
fault_windings_d12_d22_r026_s1800_t80,windings,1800,80,D12,D22,37.50000000000001,windings__D12__D22,1,1,88.07532810081307,13.446585303328403,False,388051.83903206093,True,0.0,0.2
fault_windings_d13_d18_r026_s1200_t52,windings,1200,52,D13,D18,14.799999999999995,windings__D13__D18,2,2,53.925297866443756,15.785342112573248,False,381.736735788558,True,0.0,0.2
fault_windings_d13_d18_r026_s1200_t64,windings,1200,64,D13,D18,14.799999999999995,windings__D13__D18,2,2,53.925297866443756,12.1957694945288,False,295.4617388263946,True,0.0,0.2
fault_windings_d13_d18_r026_s1200_t80,windings,1200,80,D13,D18,14.799999999999995,windings__D13__D18,2,2,53.925297866443756,7.772146230252775,False,269.87843559197944,True,0.0,0.2
fault_windings_d13_d18_r026_s1500_t52,windings,1500,52,D13,D18,14.799999999999995,windings__D13__D18,2,2,53.925297866443756,8.363876460637728,False,1208.1012404280511,True,0.0,0.2
fault_windings_d13_d18_r026_s1500_t64,windings,1500,64,D13,D18,14.799999999999995,windings__D13__D18,2,2,53.925297866443756,10.579151439185956,False,693.2598586830325,True,0.0,0.2
fault_windings_d13_d18_r026_s1500_t80,windings,1500,80,D13,D18,14.799999999999995,windings__D13__D18,2,2,53.925297866443756,18.584363713521636,False,510.1204884971926,True,0.0,0.2
fault_windings_d13_d18_r026_s1800_t52,windings,1800,52,D13,D18,14.799999999999995,windings__D13__D18,2,2,53.925297866443756,26.853705252291796,False,1313.069137461233,True,0.0,0.2
fault_windings_d13_d18_r026_s1800_t64,windings,1800,64,D13,D18,14.799999999999995,windings__D13__D18,2,2,53.925297866443756,29.968347476459833,False,1221.6266005445702,True,0.0,0.2
fault_windings_d13_d18_r026_s1800_t80,windings,1800,80,D13,D18,14.799999999999995,windings__D13__D18,2,2,53.925297866443756,15.519797995154331,False,839.7916999775143,True,0.0,0.2
fault_windings_d13_d19_r026_s1200_t52,windings,1200,52,D13,D19,22.200000000000003,windings__D13__D19,0,0,35.14902738483925,5.547618196012946,False,4124.625663628569,True,0.0,0.2
fault_windings_d13_d19_r026_s1200_t64,windings,1200,64,D13,D19,22.200000000000003,windings__D13__D19,0,0,35.14902738483925,8.904744124879356,False,1283.9457478927425,True,0.0,0.2
fault_windings_d13_d19_r026_s1200_t80,windings,1200,80,D13,D19,22.200000000000003,windings__D13__D19,0,0,35.14902738483925,12.948305635977706,False,852.742311558909,True,0.0,0.2
fault_windings_d13_d19_r026_s1500_t52,windings,1500,52,D13,D19,22.200000000000003,windings__D13__D19,0,0,35.14902738483925,6.646234839621604,False,7216.641878122154,True,0.0,0.2
fault_windings_d13_d19_r026_s1500_t64,windings,1500,64,D13,D19,22.200000000000003,windings__D13__D19,0,0,35.14902738483925,4.562664965110807,False,3191.542422968575,True,0.0,0.2
fault_windings_d13_d19_r026_s1500_t80,windings,1500,80,D13,D19,22.200000000000003,windings__D13__D19,0,0,35.14902738483925,9.26810769161646,False,2300.508094021327,True,0.0,0.2
fault_windings_d13_d19_r026_s1800_t52,windings,1800,52,D13,D19,22.200000000000003,windings__D13__D19,0,0,35.14902738483925,13.801074859280806,False,15586.296243691804,True,0.0,0.2
fault_windings_d13_d19_r026_s1800_t64,windings,1800,64,D13,D19,22.200000000000003,windings__D13__D19,0,0,35.14902738483925,16.695851064919786,False,6411.609123734201,True,0.0,0.2
fault_windings_d13_d19_r026_s1800_t80,windings,1800,80,D13,D19,22.200000000000003,windings__D13__D19,0,0,35.14902738483925,11.179680372489178,False,3926.160501475977,True,0.0,0.2
fault_windings_d16_d18_r026_s1200_t52,windings,1200,52,D16,D18,3.199999999999996,windings__D16__D18,1,1,88.07532810081307,19.01678899373498,False,57.92286779405457,False,,
fault_windings_d16_d18_r026_s1200_t64,windings,1200,64,D16,D18,3.199999999999996,windings__D16__D18,1,1,88.07532810081307,48.79596870485243,False,83.12133001849719,False,,
fault_windings_d16_d18_r026_s1200_t80,windings,1200,80,D16,D18,3.199999999999996,windings__D16__D18,1,1,88.07532810081307,27.43777258553816,False,103.11262015587815,True,0.0,0.2
fault_windings_d16_d18_r026_s1500_t52,windings,1500,52,D16,D18,3.199999999999996,windings__D16__D18,1,1,88.07532810081307,31.69900523932869,False,88.36096133399968,True,1.0,0.4
fault_windings_d16_d18_r026_s1500_t64,windings,1500,64,D16,D18,3.199999999999996,windings__D16__D18,1,1,88.07532810081307,18.231049007934224,False,30.533770914017897,False,,
fault_windings_d16_d18_r026_s1500_t80,windings,1500,80,D16,D18,3.199999999999996,windings__D16__D18,1,1,88.07532810081307,11.55013590593741,False,32.27925807638782,False,,
fault_windings_d16_d18_r026_s1800_t52,windings,1800,52,D16,D18,3.199999999999996,windings__D16__D18,1,1,88.07532810081307,103.20869124614553,True,63.94509388210636,False,,
fault_windings_d16_d18_r026_s1800_t64,windings,1800,64,D16,D18,3.199999999999996,windings__D16__D18,1,1,88.07532810081307,16.459689723968022,False,25.409594940371697,False,,
fault_windings_d16_d18_r026_s1800_t80,windings,1800,80,D16,D18,3.199999999999996,windings__D16__D18,1,1,88.07532810081307,22.73722899813933,False,31.671728031322957,False,,
fault_windings_d16_d19_r026_s1200_t52,windings,1200,52,D16,D19,10.6,windings__D16__D19,2,2,53.925297866443756,19.527788193422865,False,155.10292976208612,True,1.0,0.4
fault_windings_d16_d19_r026_s1200_t64,windings,1200,64,D16,D19,10.6,windings__D16__D19,2,2,53.925297866443756,9.865349198112296,False,92.10537980153045,True,1.0,0.4
fault_windings_d16_d19_r026_s1200_t80,windings,1200,80,D16,D19,10.6,windings__D16__D19,2,2,53.925297866443756,20.542305613290967,False,91.16204364172458,True,0.0,0.2
fault_windings_d16_d19_r026_s1500_t52,windings,1500,52,D16,D19,10.6,windings__D16__D19,2,2,53.925297866443756,41.434246306589614,False,919.2576476116669,True,0.0,0.2
fault_windings_d16_d19_r026_s1500_t64,windings,1500,64,D16,D19,10.6,windings__D16__D19,2,2,53.925297866443756,6.014197234514848,False,240.99535167497345,True,0.0,0.2
fault_windings_d16_d19_r026_s1500_t80,windings,1500,80,D16,D19,10.6,windings__D16__D19,2,2,53.925297866443756,16.621123062742235,False,142.28674354364225,True,0.0,0.2
fault_windings_d16_d19_r026_s1800_t52,windings,1800,52,D16,D19,10.6,windings__D16__D19,2,2,53.925297866443756,34.093112445629195,False,591.073165354813,True,0.0,0.2
fault_windings_d16_d19_r026_s1800_t64,windings,1800,64,D16,D19,10.6,windings__D16__D19,2,2,53.925297866443756,229.65111144616353,True,460.9169774836272,True,0.0,0.2
fault_windings_d16_d19_r026_s1800_t80,windings,1800,80,D16,D19,10.6,windings__D16__D19,2,2,53.925297866443756,26.348087614514558,False,227.36970862053985,True,0.0,0.2
