fault_family,terminal_a,terminal_b,family_case_index,topology_bucket,topology_id
turns,D01,D04,0,0,turns__D01__D04
turns,D02,D03,1,1,turns__D02__D03
turns,D05,D08,2,2,turns__D05__D08
turns,D06,D07,3,0,turns__D06__D07
turns,D09,D10,4,1,turns__D09__D10
turns,D11,D12,5,2,turns__D11__D12
turns,D13,D16,6,0,turns__D13__D16
turns,D14,D15,7,1,turns__D14__D15
turns,D17,D20,8,2,turns__D17__D20
turns,D18,D19,9,0,turns__D18__D19
turns,D21,D22,10,1,turns__D21__D22
turns,D23,D24,11,2,turns__D23__D24
windings,D01,D06,0,0,windings__D01__D06
windings,D01,D07,1,1,windings__D01__D07
windings,D04,D06,2,2,windings__D04__D06
windings,D04,D07,3,0,windings__D04__D07
windings,D11,D21,4,1,windings__D11__D21
windings,D11,D22,5,2,windings__D11__D22
windings,D12,D21,6,0,windings__D12__D21
windings,D12,D22,7,1,windings__D12__D22
windings,D13,D18,8,2,windings__D13__D18
windings,D13,D19,9,0,windings__D13__D19
windings,D16,D18,10,1,windings__D16__D18
windings,D16,D19,11,2,windings__D16__D19
