distribution,distance_quintile,designs,scale_lower,scale_upper,mean_curve_max_error,global_coverage,geometry_scaled_coverage,mean_geometry_scaled_half_width
internal_uniform,1,40,0.8311098168064803,0.9552088722157729,0.0025664103854776644,1.0,1.0,0.006256463006100099
internal_uniform,2,40,0.9552088722157729,0.9904788428390583,0.0036718118705082307,0.9,0.875,0.006612148689620474
internal_uniform,3,40,0.9904788428390583,1.0177201278986332,0.004214982814032373,0.925,0.9,0.006825928287736119
internal_uniform,4,40,1.0177201278986332,1.0522567369418026,0.0038508070564404946,0.975,0.975,0.0070175595309687295
internal_uniform,5,40,1.0522567369418026,1.2258865985374585,0.005433383400472509,0.8,0.85,0.007456959017550846
uq_uniform,1,2250,0.796093698653892,0.944445335919294,0.0026930804867928604,0.9795555555555555,0.9684444444444444,0.006207310168493132
uq_uniform,2,2250,0.944445335919294,0.980460847051017,0.003180742930348954,0.9546666666666667,0.9413333333333334,0.006557437702495602
uq_uniform,3,2250,0.980460847051017,1.0144412479820635,0.003620056019051097,0.9257777777777778,0.9142222222222223,0.006790387647127193
uq_uniform,4,2250,1.0144412479820635,1.053806817775748,0.004109106619513145,0.8933333333333333,0.8911111111111111,0.007035471555575875
uq_uniform,5,2250,1.053806817775748,1.254363873837019,0.005521592134220578,0.7613333333333333,0.7831111111111111,0.0074381198530789035
uq_gauss_shift,1,2000,0.7349394230610143,0.8066488746062758,0.0022807969859522407,1.0,1.0,0.00541440052940313
uq_gauss_shift,2,2000,0.8066488746062758,0.8181495501061964,0.0023438642310473845,1.0,1.0,0.00553427228794986
uq_gauss_shift,3,2000,0.8181495501061964,0.8275715263767928,0.0024216130629596514,1.0,1.0,0.005603627239878541
uq_gauss_shift,4,2000,0.8275715263767928,0.8387448457898092,0.0024771942273730235,1.0,1.0,0.005671390275402623
uq_gauss_shift,5,2000,0.8387448457898092,0.8918706828763073,0.0025089071786955357,1.0,1.0,0.005781294470329033
