seed,model,candidate_id,parameters,cv_waveform_mae,cv_mean_curve_max_error,selected,selection_basis
20260821,poly2_ridge,0,{'alpha': 1e-07},0.005933733435695279,0.015853900606739846,1,
20260821,poly2_ridge,1,{'alpha': 1e-05},0.005933733450334798,0.015853900498304485,0,
20260821,poly2_ridge,2,{'alpha': 0.001},0.005933734915828212,0.015853889654859506,0,
20260821,poly2_ridge,3,{'alpha': 0.1},0.005933922569669174,0.01585291804867987,0,
20260821,rbf_kernel_ridge,0,"{'alpha': 1e-06, 'gamma': 0.025}",0.006490757339509435,0.017509673788278383,0,
20260821,rbf_kernel_ridge,1,"{'alpha': 0.0001, 'gamma': 0.025}",0.005684077072558416,0.015268230107351247,1,
20260821,rbf_kernel_ridge,2,"{'alpha': 0.01, 'gamma': 0.025}",0.00824647931606715,0.023696266669506097,0,
20260821,rbf_kernel_ridge,3,"{'alpha': 1e-06, 'gamma': 0.05}",0.00647763340467325,0.017445817870486952,0,
20260821,rbf_kernel_ridge,4,"{'alpha': 0.0001, 'gamma': 0.05}",0.005971605819670878,0.016034256459488996,0,
20260821,rbf_kernel_ridge,5,"{'alpha': 0.01, 'gamma': 0.05}",0.007263365834375369,0.01968883243314365,0,
20260821,rbf_kernel_ridge,6,"{'alpha': 1e-06, 'gamma': 0.1}",0.006548679263220859,0.01738889170446672,0,
20260821,rbf_kernel_ridge,7,"{'alpha': 0.0001, 'gamma': 0.1}",0.006451804876874087,0.01712130983631491,0,
20260821,rbf_kernel_ridge,8,"{'alpha': 0.01, 'gamma': 0.1}",0.007082269950702579,0.01803383082418164,0,
20260821,rbf_kernel_ridge,9,"{'alpha': 1e-06, 'gamma': 0.2}",0.008051275743076104,0.01944339210379624,0,
20260821,rbf_kernel_ridge,10,"{'alpha': 0.0001, 'gamma': 0.2}",0.008052197202851186,0.01942949783360837,0,
20260821,rbf_kernel_ridge,11,"{'alpha': 0.01, 'gamma': 0.2}",0.008857506188836807,0.020133226935346072,0,
20260821,ard_gaussian_process,0,"{'dimensions': 20.0, 'length_scale_upper': 10.0}",,,1,fit-only log marginal likelihood
20260821,extra_trees,0,"{'n_estimators': 300.0, 'min_samples_leaf': 1.0, 'max_features': 1.0}",0.013115887282217983,0.029389876916816975,1,
20260821,extra_trees,1,"{'n_estimators': 300.0, 'min_samples_leaf': 2.0, 'max_features': 1.0}",0.013275645662043473,0.029865180225910726,0,
20260821,extra_trees,2,"{'n_estimators': 300.0, 'min_samples_leaf': 4.0, 'max_features': 1.0}",0.014011909553427758,0.031400154317549805,0,
